operator,post_id,comment_id,text,date,like_count
maroc_telecom,pfbid02zr5YNvRb7rwq6PmUMb8SkRP4pzLG2szeD4oh3tx5aD4vz7XQVUVMbkfMV1kevTMnl,4354269268223904,Yassine Amraouy دخل تشارك غادي تربح😂😂,2026-05-22 10:48:10,1
maroc_telecom,pfbid02zr5YNvRb7rwq6PmUMb8SkRP4pzLG2szeD4oh3tx5aD4vz7XQVUVMbkfMV1kevTMnl,1199239758898859,"Depuis le mois de mars, j’ai souscrit à une offre fibre chez Maroc Telecom dans l’espoir de bénéficier d’une connexion Internet stable et performante. Malheureusement, cela fait maintenant trois mois que je rencontre les mêmes problèmes de manière répétitive.

À plusieurs reprises, j’ai dû contacter l’équipe technique parce que le Wi-Fi cesse soudainement de fonctionner. Les techniciens interviennent, le problème semble réglé pendant quelques jours, puis la panne revient encore. Aujourd’hui, j’en suis déjà à ma 9ᵉ réclamation pour le même incident.

Ce qui devient difficile à accepter, ce n’est pas seulement la panne elle-même, mais l’absence d’une solution durable. Je ne peux pas continuer à appeler le service client chaque semaine ni à bloquer mes journées pour attendre des interventions techniques temporaires.

J’ai encore signalé le problème samedi, et aujourd’hui lundi, la connexion ne fonctionne déjà plus. En tant que client, j’attends simplement un service fiable, un meilleur suivi et surtout une résolution définitive du problème.

J’espère sincèrement que cette situation sera enfin prise au sérieux. Dans le cas contraire, je serai malheureusement obligé d’envisager un changement d’opérateur.

#MarocTelecom #IAM #FibreOptique #ServiceClient #ExpérienceClient #Internet",2026-05-25 14:48:33,0
maroc_telecom,pfbid02zr5YNvRb7rwq6PmUMb8SkRP4pzLG2szeD4oh3tx5aD4vz7XQVUVMbkfMV1kevTMnl,26941576775527298,السلام عليكم واش كاين عرض نجمة6 ديال 20 درهم,2026-05-22 10:46:44,4
maroc_telecom,pfbid02zr5YNvRb7rwq6PmUMb8SkRP4pzLG2szeD4oh3tx5aD4vz7XQVUVMbkfMV1kevTMnl,1003145702404284,شكرا جزيلا لكم تحياتي,2026-05-22 13:47:43,1
maroc_telecom,pfbid02zr5YNvRb7rwq6PmUMb8SkRP4pzLG2szeD4oh3tx5aD4vz7XQVUVMbkfMV1kevTMnl,1543351960739615,تحياتي لكم ♥️ ربحت معاكم اول مشاركة ارحبت فيها 500درهم الحمد الله  AISSAM oukaddour,2026-05-22 12:06:40,0
maroc_telecom,pfbid02zr5YNvRb7rwq6PmUMb8SkRP4pzLG2szeD4oh3tx5aD4vz7XQVUVMbkfMV1kevTMnl,1647315193203824,"Maroc Telecom 
شي عرض نتفرجو ف كأس العالم بحال لي درتو ف دوب دافريك تما والو؟؟؟",2026-05-27 20:43:24,0
maroc_telecom,pfbid02zr5YNvRb7rwq6PmUMb8SkRP4pzLG2szeD4oh3tx5aD4vz7XQVUVMbkfMV1kevTMnl,1245585014088655,فوقاش غادي اسالي العرض*6 50 dh,2026-05-22 14:18:25,1
maroc_telecom,pfbid02zr5YNvRb7rwq6PmUMb8SkRP4pzLG2szeD4oh3tx5aD4vz7XQVUVMbkfMV1kevTMnl,2241067469631107,هنيئا للفائزين,2026-05-22 16:15:51,0
maroc_telecom,pfbid02zr5YNvRb7rwq6PmUMb8SkRP4pzLG2szeD4oh3tx5aD4vz7XQVUVMbkfMV1kevTMnl,1465225602072292,يلا بغيت ندخل 20dh انترنيت ندير * 3,2026-05-23 18:55:48,0
maroc_telecom,pfbid02zr5YNvRb7rwq6PmUMb8SkRP4pzLG2szeD4oh3tx5aD4vz7XQVUVMbkfMV1kevTMnl,1328193122639408,شكرا لكم .كنت من الفائزين,2026-05-22 13:57:03,1
maroc_telecom,pfbid02zr5YNvRb7rwq6PmUMb8SkRP4pzLG2szeD4oh3tx5aD4vz7XQVUVMbkfMV1kevTMnl,1757835928708589,سلام واش كاين عرض نجمة 3 ديال 10G ب 50dh,2026-05-23 11:54:47,0
maroc_telecom,pfbid02zr5YNvRb7rwq6PmUMb8SkRP4pzLG2szeD4oh3tx5aD4vz7XQVUVMbkfMV1kevTMnl,1334328845262958,واش عادي العرض ديال 200 درهم د الانترنت ماواصلاش فيه السرعة تا 1 ميݣا ؟!,2026-05-22 13:57:09,0
maroc_telecom,pfbid02zr5YNvRb7rwq6PmUMb8SkRP4pzLG2szeD4oh3tx5aD4vz7XQVUVMbkfMV1kevTMnl,947276011641146,وش كين العرض 50 درهم,2026-05-25 15:46:11,0
maroc_telecom,pfbid02zr5YNvRb7rwq6PmUMb8SkRP4pzLG2szeD4oh3tx5aD4vz7XQVUVMbkfMV1kevTMnl,2476995336085287,سلام عليكم هل يمكنني شحن رصيد MT Cash بتعبئة,2026-05-26 09:49:03,0
maroc_telecom,pfbid02zr5YNvRb7rwq6PmUMb8SkRP4pzLG2szeD4oh3tx5aD4vz7XQVUVMbkfMV1kevTMnl,1875960853360067,فقش يرجع العرض*6 50 درهم,2026-05-25 20:39:48,0
maroc_telecom,pfbid02zr5YNvRb7rwq6PmUMb8SkRP4pzLG2szeD4oh3tx5aD4vz7XQVUVMbkfMV1kevTMnl,1255518843055387,"شكرا اتصالات المغرب
والعاملين بها.",2026-05-22 15:00:09,1
maroc_telecom,pfbid02zr5YNvRb7rwq6PmUMb8SkRP4pzLG2szeD4oh3tx5aD4vz7XQVUVMbkfMV1kevTMnl,2115756232324160,واش كاين العرض ديال 50 درهم,2026-05-22 15:04:39,0
maroc_telecom,pfbid02zr5YNvRb7rwq6PmUMb8SkRP4pzLG2szeD4oh3tx5aD4vz7XQVUVMbkfMV1kevTMnl,827172116788347,شي اسماء غير معروفين الله يسمح ليكم...,2026-05-23 10:19:06,0
maroc_telecom,pfbid02zr5YNvRb7rwq6PmUMb8SkRP4pzLG2szeD4oh3tx5aD4vz7XQVUVMbkfMV1kevTMnl,2043462703265382,Mæř Øuànها زا ردAbd LmjidBî Läl,2026-05-22 12:10:03,1
maroc_telecom,pfbid02zr5YNvRb7rwq6PmUMb8SkRP4pzLG2szeD4oh3tx5aD4vz7XQVUVMbkfMV1kevTMnl,1308045121419436,واش كاينا نجمة 6,2026-05-23 18:28:51,0
maroc_telecom,pfbid02zr5YNvRb7rwq6PmUMb8SkRP4pzLG2szeD4oh3tx5aD4vz7XQVUVMbkfMV1kevTMnl,991766880061880,أشم عروض نجم 6 كين حاليا,2026-05-23 06:06:14,0
maroc_telecom,pfbid02zr5YNvRb7rwq6PmUMb8SkRP4pzLG2szeD4oh3tx5aD4vz7XQVUVMbkfMV1kevTMnl,1030894102932659,و أنا,2026-05-22 10:46:52,0
maroc_telecom,pfbid02zr5YNvRb7rwq6PmUMb8SkRP4pzLG2szeD4oh3tx5aD4vz7XQVUVMbkfMV1kevTMnl,1232461982131965,الريزو مقطوع,2026-05-22 13:32:54,0
maroc_telecom,pfbid02zr5YNvRb7rwq6PmUMb8SkRP4pzLG2szeD4oh3tx5aD4vz7XQVUVMbkfMV1kevTMnl,1642781086972418,👍🏻👍🏻👍🏻,2026-05-22 21:26:54,0
maroc_telecom,pfbid02zr5YNvRb7rwq6PmUMb8SkRP4pzLG2szeD4oh3tx5aD4vz7XQVUVMbkfMV1kevTMnl,1665336188092524,عرض *5,2026-05-22 13:56:38,1
maroc_telecom,pfbid02zr5YNvRb7rwq6PmUMb8SkRP4pzLG2szeD4oh3tx5aD4vz7XQVUVMbkfMV1kevTMnl,901356856299329,أزيد من 7 أشهر من المعاناة مع ضعف صبيب الإنترنت في معظم دواوير جماعة الحوافات (إقليم سيدي قاسم). وضع لا يطاق ويحتاج إلى تدخل فوري من شركات الاتصالات والمسؤولين لإصلاح الشبكة. هل من مجيب؟,2026-05-28 20:03:13,1
maroc_telecom,pfbid02zr5YNvRb7rwq6PmUMb8SkRP4pzLG2szeD4oh3tx5aD4vz7XQVUVMbkfMV1kevTMnl,1669089347661161,تم مقابل تم للجميع 🌺,2026-05-22 11:52:12,0
maroc_telecom,pfbid02zr5YNvRb7rwq6PmUMb8SkRP4pzLG2szeD4oh3tx5aD4vz7XQVUVMbkfMV1kevTMnl,1300796345576499,سلام متى جوال 5درهم 500mo؟,2026-05-22 18:20:03,0
maroc_telecom,pfbid02zr5YNvRb7rwq6PmUMb8SkRP4pzLG2szeD4oh3tx5aD4vz7XQVUVMbkfMV1kevTMnl,1619711269105017,"10 أيام بدون هاتف ثابت فايبر، لمبة Phone مطفأة في مودم ZTE، اتصلت بـ 114 وزرت الوكالة دون جدوى. أين هو الدعم التقني؟""",2026-05-23 00:15:52,1
maroc_telecom,pfbid02zr5YNvRb7rwq6PmUMb8SkRP4pzLG2szeD4oh3tx5aD4vz7XQVUVMbkfMV1kevTMnl,1255770149963851,5dh *3 شحال فيها,2026-05-22 13:07:38,0
maroc_telecom,pfbid02zr5YNvRb7rwq6PmUMb8SkRP4pzLG2szeD4oh3tx5aD4vz7XQVUVMbkfMV1kevTMnl,1534362038311217,واش كاين 30 درهم الا 20 درهم,2026-05-24 13:30:49,0
maroc_telecom,pfbid02zr5YNvRb7rwq6PmUMb8SkRP4pzLG2szeD4oh3tx5aD4vz7XQVUVMbkfMV1kevTMnl,963861436626192,بالتوفيق للجميع 🤍,2026-05-22 12:31:37,1
maroc_telecom,pfbid02zr5YNvRb7rwq6PmUMb8SkRP4pzLG2szeD4oh3tx5aD4vz7XQVUVMbkfMV1kevTMnl,1981490972469100,واش كيان العرض *6 50 درهم,2026-05-22 10:47:57,0
maroc_telecom,pfbid02zr5YNvRb7rwq6PmUMb8SkRP4pzLG2szeD4oh3tx5aD4vz7XQVUVMbkfMV1kevTMnl,2453875105037048,امتا ارجع 30 درهم*6,2026-05-24 10:54:53,0
maroc_telecom,pfbid02zr5YNvRb7rwq6PmUMb8SkRP4pzLG2szeD4oh3tx5aD4vz7XQVUVMbkfMV1kevTMnl,1678399556836188,👍👍👍👍👍👍👍,2026-05-22 15:52:26,0
maroc_telecom,pfbid02zr5YNvRb7rwq6PmUMb8SkRP4pzLG2szeD4oh3tx5aD4vz7XQVUVMbkfMV1kevTMnl,996557139732363,30 *6,2026-05-22 12:23:15,0
maroc_telecom,pfbid02zr5YNvRb7rwq6PmUMb8SkRP4pzLG2szeD4oh3tx5aD4vz7XQVUVMbkfMV1kevTMnl,1025520019900807,بالتوفيق للجميع 🤍,2026-05-22 11:23:19,1
maroc_telecom,pfbid02zr5YNvRb7rwq6PmUMb8SkRP4pzLG2szeD4oh3tx5aD4vz7XQVUVMbkfMV1kevTMnl,2456502708113347,Youness Ezzahraoui,2026-05-22 10:52:49,0
maroc_telecom,pfbid02zr5YNvRb7rwq6PmUMb8SkRP4pzLG2szeD4oh3tx5aD4vz7XQVUVMbkfMV1kevTMnl,954322580932929,Nourddine El  asaha hhhh,2026-05-22 12:08:19,1
maroc_telecom,pfbid02zr5YNvRb7rwq6PmUMb8SkRP4pzLG2szeD4oh3tx5aD4vz7XQVUVMbkfMV1kevTMnl,994835726364479,Xckcy,2026-05-28 11:22:12,0
maroc_telecom,pfbid02zr5YNvRb7rwq6PmUMb8SkRP4pzLG2szeD4oh3tx5aD4vz7XQVUVMbkfMV1kevTMnl,1735074430995990,ايه ربحنا ولكن فين هيا مزال مطلقوتهاش,2026-05-22 11:19:19,1
maroc_telecom,pfbid02zr5YNvRb7rwq6PmUMb8SkRP4pzLG2szeD4oh3tx5aD4vz7XQVUVMbkfMV1kevTMnl,970223572557041,Ii,2026-05-22 11:26:29,0
maroc_telecom,pfbid02zr5YNvRb7rwq6PmUMb8SkRP4pzLG2szeD4oh3tx5aD4vz7XQVUVMbkfMV1kevTMnl,1327533282595111,✅سير بغيت ربي إبكيك من الفرحة و تفرح ولديك بالنجاح فحياتك إلى حطيتي ليا متابعة فضلا وليس امرا 🫶🏻❤️😍,2026-05-23 07:13:32,0
maroc_telecom,2036209130605517,1476485043798952,بغيت ندخل ويفي لدار مع العلم دار عندي مكيخدمش ليها فيها ريزو الا 3G,2026-06-17 12:42:48,0
maroc_telecom,2036209130605517,1301755948242050,عندي صولد ولكن ملي كنصوني للناس كيقولو رصيد عير كافي...,2026-05-29 11:59:21,2
maroc_telecom,2036209130605517,1670921487277442,"Gros problème d’équipe cela fait plus de 15j que j’ai demandé un transfert de fibre et tjrs rien lorsque j’ai fais la réclamation on me dit que la fibre n’est pas desservi là où j’habite alors que mes voisins l’ont 😡
Si on ne me règle pas le problème d nos les plus brefs délais je change d’opérateur !!!",2026-05-31 17:42:46,1
maroc_telecom,2036209130605517,2493674354433854,الإخوان واش كاين عرض نجمة 6 50 درهم,2026-05-29 12:40:05,2
maroc_telecom,2036209130605517,1003623762151884,ركبت فيبر من نهار الأربعاء مزال ما خدام شنو الحل,2026-06-05 18:57:51,0
maroc_telecom,2036209130605517,953537544212505,30 dh chahla fiah*6,2026-05-29 11:19:01,2
maroc_telecom,2036209130605517,1279330280850694,واش كايين العرض ديال تصلات 50 درهم,2026-05-30 01:26:21,1
maroc_telecom,2036209130605517,1520124939526212,سلام عليكم      ريزو عندكم راه ضعيف بزااف   في بنوورة إقليم الجديدة نتمناوى تعلجو هدشي راه مكالمة مبقاتش كدووز كاععع,2026-05-29 20:46:34,0
maroc_telecom,2036209130605517,1613166473084052,واش كين عرض *6 20 درهم,2026-05-29 15:19:27,1
maroc_telecom,2036209130605517,1036691102553095,واش كاينة 50 درهم نجمة 3,2026-06-01 21:20:42,0
maroc_telecom,2036209130605517,937038269346988,20درهم نجمة ستة شحل كدوز,2026-05-29 10:34:12,0
maroc_telecom,2036209130605517,1708484597165677,سلام كفاش نرد نمرة ديال جدة التي تم أقافها,2026-05-29 10:56:27,0
maroc_telecom,2036209130605517,1926251618067286,العرض النجمة 6 واش مزال كاين,2026-05-30 11:17:16,0
maroc_telecom,2036209130605517,1466144384835421,"جماعة تفتشنا المتواجدة في اقليم زاكورة تعاني من ضعف الشبكة
ديرو شي حل راه ابيل امكذوزش فيها",2026-05-29 15:06:57,0
maroc_telecom,2036209130605517,1646161649831787,وش كين عرض نمجة 6 .50 دراهم,2026-05-30 10:23:53,0
maroc_telecom,2036209130605517,1010600078315158,واش كاين العرض ديل 50,2026-05-29 11:19:34,0
maroc_telecom,2036209130605517,1867513394635835,شحال الثمن ديالو,2026-05-29 11:36:23,0
maroc_telecom,2036209130605517,1364355035598180,درت طلب فايبر شهر دبا ومزال مجاوبونيش,2026-06-12 09:32:34,0
maroc_telecom,2036209130605517,3178761048993323,"السلام عليكم..
درنا طلب فيبر وجانا sms بلي نهار 26 ماي يتواصلو معنا، وماجا حد، اليوم اتصلوا بنا من الصباح درنا معهم مع 15h وماجا عندنا حتى واحد.. واش كاين شي تدخل وشكرا.",2026-05-30 15:33:05,0
maroc_telecom,2036209130605517,1767721790859515,واش خدامين اليوم,2026-05-29 10:14:49,1
maroc_telecom,pfbid0WLJzbujUQqDkD6aG2bHZPetAQBerVRLR6tN8NbxBFWenNcxKn5iDmVGGKkrwisFdl,1339311304243984,واش العرض د 50درهم كيعطيوك حتى ساعة د مكالمات مع اللامحدود,2026-06-20 19:51:30,2
maroc_telecom,pfbid0WLJzbujUQqDkD6aG2bHZPetAQBerVRLR6tN8NbxBFWenNcxKn5iDmVGGKkrwisFdl,3639232516242501,واش باقي العرض ديال نجمة ستة 50dh,2026-06-13 19:12:47,1
maroc_telecom,pfbid0WLJzbujUQqDkD6aG2bHZPetAQBerVRLR6tN8NbxBFWenNcxKn5iDmVGGKkrwisFdl,959712343771383,واش كاين العرض*6 20 درهم,2026-06-13 18:26:13,2
maroc_telecom,pfbid0WLJzbujUQqDkD6aG2bHZPetAQBerVRLR6tN8NbxBFWenNcxKn5iDmVGGKkrwisFdl,1955233105127298,سلام عليكم واش مزال العرض *6     dh50,2026-06-13 08:52:39,0
maroc_telecom,pfbid0WLJzbujUQqDkD6aG2bHZPetAQBerVRLR6tN8NbxBFWenNcxKn5iDmVGGKkrwisFdl,1018842453983277,سلام واش مزال العرض ديال *6 اللامحدود ديال 50 درهم,2026-06-13 13:57:50,0
maroc_telecom,pfbid0WLJzbujUQqDkD6aG2bHZPetAQBerVRLR6tN8NbxBFWenNcxKn5iDmVGGKkrwisFdl,1722113476166408,"واش عرض ديال *6  ديال 30 الدرهم 
 رجع",2026-06-26 15:31:29,0
maroc_telecom,pfbid0WLJzbujUQqDkD6aG2bHZPetAQBerVRLR6tN8NbxBFWenNcxKn5iDmVGGKkrwisFdl,1596967458428851,وش مزال عرض *6 متوفر حالين,2026-06-21 12:20:11,0
maroc_telecom,pfbid0WLJzbujUQqDkD6aG2bHZPetAQBerVRLR6tN8NbxBFWenNcxKn5iDmVGGKkrwisFdl,1523794489399914,مزال العرض ديال *6 50درهم,2026-07-01 01:29:30,0
maroc_telecom,pfbid0WLJzbujUQqDkD6aG2bHZPetAQBerVRLR6tN8NbxBFWenNcxKn5iDmVGGKkrwisFdl,1564209932000005,سلام وش العرض *6.   50 درهم كين داب,2026-06-25 11:48:28,0
maroc_telecom,pfbid0WLJzbujUQqDkD6aG2bHZPetAQBerVRLR6tN8NbxBFWenNcxKn5iDmVGGKkrwisFdl,1533979541429967,وش كين عرض *6 اللامحدود,2026-06-16 19:34:06,0
maroc_telecom,pfbid0WLJzbujUQqDkD6aG2bHZPetAQBerVRLR6tN8NbxBFWenNcxKn5iDmVGGKkrwisFdl,1513257983616017,مزال العرض ديال *6 50درهم,2026-06-13 10:34:01,0
maroc_telecom,pfbid0WLJzbujUQqDkD6aG2bHZPetAQBerVRLR6tN8NbxBFWenNcxKn5iDmVGGKkrwisFdl,1980796936135868,سلام واش طلقو العرض ديال نجمة 6 اللامحدود ديال 50درهم,2026-06-15 16:16:33,0
maroc_telecom,pfbid0WLJzbujUQqDkD6aG2bHZPetAQBerVRLR6tN8NbxBFWenNcxKn5iDmVGGKkrwisFdl,1892506745121616,عرض *6 20 درهم إتصالات متوفر,2026-06-23 13:56:23,0
maroc_telecom,pfbid0WLJzbujUQqDkD6aG2bHZPetAQBerVRLR6tN8NbxBFWenNcxKn5iDmVGGKkrwisFdl,2076645776597339,مزال كين العرض*6 50 درهم,2026-06-21 22:30:54,0
maroc_telecom,pfbid0WLJzbujUQqDkD6aG2bHZPetAQBerVRLR6tN8NbxBFWenNcxKn5iDmVGGKkrwisFdl,1699406037994710,عرض *6 20 درهم إتصالات متوفر,2026-06-24 14:00:36,0
maroc_telecom,pfbid0WLJzbujUQqDkD6aG2bHZPetAQBerVRLR6tN8NbxBFWenNcxKn5iDmVGGKkrwisFdl,1529125048992827,واش باقي لعرض تاع نجمة 6 مكينش,2026-06-28 21:33:56,0
maroc_telecom,pfbid0WLJzbujUQqDkD6aG2bHZPetAQBerVRLR6tN8NbxBFWenNcxKn5iDmVGGKkrwisFdl,1743950940289546,واش مزال لعرض *6 50dh,2026-07-08 20:40:09,0
maroc_telecom,pfbid0WLJzbujUQqDkD6aG2bHZPetAQBerVRLR6tN8NbxBFWenNcxKn5iDmVGGKkrwisFdl,2787132521660608,واش كين عرض 30 درهم نجمة 6,2026-06-19 10:18:24,0
maroc_telecom,pfbid0WLJzbujUQqDkD6aG2bHZPetAQBerVRLR6tN8NbxBFWenNcxKn5iDmVGGKkrwisFdl,967933786065410,باقي عرض*6 50درهم,2026-06-20 17:45:35,0
maroc_telecom,pfbid0WLJzbujUQqDkD6aG2bHZPetAQBerVRLR6tN8NbxBFWenNcxKn5iDmVGGKkrwisFdl,27708455895418500,واش كين لعرض ديال 20 درهم,2026-06-18 20:03:38,0
maroc_telecom,pfbid0WLJzbujUQqDkD6aG2bHZPetAQBerVRLR6tN8NbxBFWenNcxKn5iDmVGGKkrwisFdl,844173091822721,هل عرض نجمة 6 متوفر حاليا 22 يونيو,2026-06-22 08:24:32,0
maroc_telecom,pfbid0WLJzbujUQqDkD6aG2bHZPetAQBerVRLR6tN8NbxBFWenNcxKn5iDmVGGKkrwisFdl,1018034107366998,Ba9i l3rrd,2026-06-23 13:30:47,0
maroc_telecom,pfbid0WLJzbujUQqDkD6aG2bHZPetAQBerVRLR6tN8NbxBFWenNcxKn5iDmVGGKkrwisFdl,1540850521011874,سلام واش كين عرض 50 درهم نجمة 6,2026-06-18 19:50:18,0
maroc_telecom,pfbid0WLJzbujUQqDkD6aG2bHZPetAQBerVRLR6tN8NbxBFWenNcxKn5iDmVGGKkrwisFdl,2095795571332700,Wach mazal l3rad,2026-06-18 21:11:41,0
maroc_telecom,pfbid0WLJzbujUQqDkD6aG2bHZPetAQBerVRLR6tN8NbxBFWenNcxKn5iDmVGGKkrwisFdl,1028203609885491,واش مزال عرض نجمة 6 موجود ؟؟,2026-06-15 08:10:14,0
maroc_telecom,pfbid0WLJzbujUQqDkD6aG2bHZPetAQBerVRLR6tN8NbxBFWenNcxKn5iDmVGGKkrwisFdl,2205547293599506,واش هاد لعرض كين ديما,2026-07-02 11:13:52,0
maroc_telecom,pfbid0WLJzbujUQqDkD6aG2bHZPetAQBerVRLR6tN8NbxBFWenNcxKn5iDmVGGKkrwisFdl,1510894990528710,هل لا يزال عرض *6 متوفر,2026-06-15 19:54:34,0
maroc_telecom,pfbid0WLJzbujUQqDkD6aG2bHZPetAQBerVRLR6tN8NbxBFWenNcxKn5iDmVGGKkrwisFdl,1315667580750755,واش كاين العرض ديال *6,2026-06-14 21:03:04,0
maroc_telecom,pfbid0WLJzbujUQqDkD6aG2bHZPetAQBerVRLR6tN8NbxBFWenNcxKn5iDmVGGKkrwisFdl,3608452252641836,وش العرض باقي دأب,2026-06-23 20:08:55,0
maroc_telecom,pfbid0WLJzbujUQqDkD6aG2bHZPetAQBerVRLR6tN8NbxBFWenNcxKn5iDmVGGKkrwisFdl,1325965722369432,هل لا يزال عرض *6 متوفر,2026-06-20 17:00:01,0
maroc_telecom,pfbid0WLJzbujUQqDkD6aG2bHZPetAQBerVRLR6tN8NbxBFWenNcxKn5iDmVGGKkrwisFdl,1646173576471395,Maroc Telecom واش كاين العرض 30 dh *3   6GB ??,2026-06-16 10:44:14,0
maroc_telecom,pfbid0WLJzbujUQqDkD6aG2bHZPetAQBerVRLR6tN8NbxBFWenNcxKn5iDmVGGKkrwisFdl,1028657363566948,واش مزال هاد العرض متوفر,2026-06-25 19:44:29,0
maroc_telecom,pfbid0WLJzbujUQqDkD6aG2bHZPetAQBerVRLR6tN8NbxBFWenNcxKn5iDmVGGKkrwisFdl,969075682794882,واليوم هل مزل متوفر,2026-06-15 14:00:10,0
maroc_telecom,pfbid0WLJzbujUQqDkD6aG2bHZPetAQBerVRLR6tN8NbxBFWenNcxKn5iDmVGGKkrwisFdl,983033057673940,مزال لعرض*6,2026-06-17 21:58:11,0
maroc_telecom,pfbid0WLJzbujUQqDkD6aG2bHZPetAQBerVRLR6tN8NbxBFWenNcxKn5iDmVGGKkrwisFdl,1487924649751910,واش كاين عرض نجمة 6,2026-06-15 13:57:58,0
maroc_telecom,pfbid0WLJzbujUQqDkD6aG2bHZPetAQBerVRLR6tN8NbxBFWenNcxKn5iDmVGGKkrwisFdl,2827743207609409,واش باقي العرض,2026-06-30 19:17:20,0
maroc_telecom,pfbid0WLJzbujUQqDkD6aG2bHZPetAQBerVRLR6tN8NbxBFWenNcxKn5iDmVGGKkrwisFdl,4012167518919667,واش مزال العرض *6,2026-06-18 21:39:00,0
maroc_telecom,pfbid0WLJzbujUQqDkD6aG2bHZPetAQBerVRLR6tN8NbxBFWenNcxKn5iDmVGGKkrwisFdl,1026259343135287,وش العرض باقي,2026-07-02 18:39:41,0
maroc_telecom,pfbid0WLJzbujUQqDkD6aG2bHZPetAQBerVRLR6tN8NbxBFWenNcxKn5iDmVGGKkrwisFdl,984194291175828,واش كاين العرض *6,2026-06-17 17:14:38,0
maroc_telecom,pfbid0WLJzbujUQqDkD6aG2bHZPetAQBerVRLR6tN8NbxBFWenNcxKn5iDmVGGKkrwisFdl,27102491582746807,واش مزال عرض *6,2026-06-18 05:24:26,0
maroc_telecom,pfbid0WLJzbujUQqDkD6aG2bHZPetAQBerVRLR6tN8NbxBFWenNcxKn5iDmVGGKkrwisFdl,1005323231992773,واش كاينا*6=50,2026-06-14 16:04:09,0
maroc_telecom,pfbid0WLJzbujUQqDkD6aG2bHZPetAQBerVRLR6tN8NbxBFWenNcxKn5iDmVGGKkrwisFdl,1036202362425308,واش كاين عرض نجمة 6,2026-06-15 16:12:40,0
maroc_telecom,pfbid0WLJzbujUQqDkD6aG2bHZPetAQBerVRLR6tN8NbxBFWenNcxKn5iDmVGGKkrwisFdl,1481958243612233,واش كين لعرض *6,2026-06-14 13:28:49,0
maroc_telecom,pfbid0WLJzbujUQqDkD6aG2bHZPetAQBerVRLR6tN8NbxBFWenNcxKn5iDmVGGKkrwisFdl,2489895251515645,تسلات ولا مزال,2026-06-13 21:37:18,0
maroc_telecom,pfbid0WLJzbujUQqDkD6aG2bHZPetAQBerVRLR6tN8NbxBFWenNcxKn5iDmVGGKkrwisFdl,4215231692058983,واش كين عرض *6,2026-06-14 13:50:52,0
maroc_telecom,pfbid0WLJzbujUQqDkD6aG2bHZPetAQBerVRLR6tN8NbxBFWenNcxKn5iDmVGGKkrwisFdl,1032195949773138,واش كاين العرض,2026-07-11 06:34:37,0
maroc_telecom,pfbid0WLJzbujUQqDkD6aG2bHZPetAQBerVRLR6tN8NbxBFWenNcxKn5iDmVGGKkrwisFdl,985087927643683,30 dh *6,2026-06-17 15:11:24,0
maroc_telecom,pfbid0WLJzbujUQqDkD6aG2bHZPetAQBerVRLR6tN8NbxBFWenNcxKn5iDmVGGKkrwisFdl,1054598830246586,هل العرض 50 درهم لامحدود متوفر اليوم,2026-06-27 21:02:43,0
maroc_telecom,pfbid0WLJzbujUQqDkD6aG2bHZPetAQBerVRLR6tN8NbxBFWenNcxKn5iDmVGGKkrwisFdl,1264594612246518,واش كاين ديال 20 درهم,2026-06-14 18:28:32,0
maroc_telecom,pfbid0WLJzbujUQqDkD6aG2bHZPetAQBerVRLR6tN8NbxBFWenNcxKn5iDmVGGKkrwisFdl,3416637188516447,واش كاين لعرض*6,2026-06-14 12:34:40,0
maroc_telecom,pfbid0WLJzbujUQqDkD6aG2bHZPetAQBerVRLR6tN8NbxBFWenNcxKn5iDmVGGKkrwisFdl,986283447709703,Salam wach ba9i l3ard dyal 50 dh la mahdod *6?,2026-06-12 20:02:31,1
maroc_telecom,pfbid0WLJzbujUQqDkD6aG2bHZPetAQBerVRLR6tN8NbxBFWenNcxKn5iDmVGGKkrwisFdl,1533161874845209,واش مزال كين هد العرض و فقش اسلي,2026-06-12 16:23:37,0
maroc_telecom,pfbid0WLJzbujUQqDkD6aG2bHZPetAQBerVRLR6tN8NbxBFWenNcxKn5iDmVGGKkrwisFdl,1612031523234696,واش باقي العرض ديال *6 50درهم؟؟؟,2026-06-11 11:38:38,0
maroc_telecom,pfbid0WLJzbujUQqDkD6aG2bHZPetAQBerVRLR6tN8NbxBFWenNcxKn5iDmVGGKkrwisFdl,1624148078648613,سلام واش مزال كاين العرض *6,2026-06-11 07:38:42,0
maroc_telecom,pfbid0WLJzbujUQqDkD6aG2bHZPetAQBerVRLR6tN8NbxBFWenNcxKn5iDmVGGKkrwisFdl,1721153185664979,سلام واش كاين لعرض نجمة ستة 20 حاليا,2026-06-10 21:57:31,0
maroc_telecom,pfbid0WLJzbujUQqDkD6aG2bHZPetAQBerVRLR6tN8NbxBFWenNcxKn5iDmVGGKkrwisFdl,1337289431680100,ليوم June 10 واش مزال العرض ديال نجمة 6,2026-06-10 16:52:02,1
maroc_telecom,pfbid0WLJzbujUQqDkD6aG2bHZPetAQBerVRLR6tN8NbxBFWenNcxKn5iDmVGGKkrwisFdl,1700089751132018,Wach kayna l3rd njma 6,2026-06-09 20:14:40,0
maroc_telecom,pfbid0WLJzbujUQqDkD6aG2bHZPetAQBerVRLR6tN8NbxBFWenNcxKn5iDmVGGKkrwisFdl,1048417424374511,واش مزال عرض حاضر,2026-06-10 07:09:47,0
maroc_telecom,pfbid0WLJzbujUQqDkD6aG2bHZPetAQBerVRLR6tN8NbxBFWenNcxKn5iDmVGGKkrwisFdl,1029250079449476,نجمة ستة مزالت متوفرة أم لا,2026-06-09 18:37:19,0
maroc_telecom,pfbid0WLJzbujUQqDkD6aG2bHZPetAQBerVRLR6tN8NbxBFWenNcxKn5iDmVGGKkrwisFdl,2177087699527009,مازال لعرض ديل *6,2026-06-09 17:19:11,1
maroc_telecom,pfbid0WLJzbujUQqDkD6aG2bHZPetAQBerVRLR6tN8NbxBFWenNcxKn5iDmVGGKkrwisFdl,28201027712819085,إمتى غدي إيسالي العرض ديال 50dh*6,2026-06-09 11:06:15,0
maroc_telecom,pfbid0WLJzbujUQqDkD6aG2bHZPetAQBerVRLR6tN8NbxBFWenNcxKn5iDmVGGKkrwisFdl,2380783512403495,مزال العرض ديال *6 ديال 50 لامحدود,2026-06-08 22:36:47,0
maroc_telecom,pfbid0WLJzbujUQqDkD6aG2bHZPetAQBerVRLR6tN8NbxBFWenNcxKn5iDmVGGKkrwisFdl,1642412824025477,واش كاين العرض نجمة 6 اليوم,2026-06-08 22:03:34,0
maroc_telecom,pfbid0WLJzbujUQqDkD6aG2bHZPetAQBerVRLR6tN8NbxBFWenNcxKn5iDmVGGKkrwisFdl,1370071788325325,واش مزال العرض *6 50 درهم,2026-06-08 20:40:16,0
maroc_telecom,pfbid0WLJzbujUQqDkD6aG2bHZPetAQBerVRLR6tN8NbxBFWenNcxKn5iDmVGGKkrwisFdl,1921339779253663,Wach mazal kin,2026-06-08 19:51:10,1
maroc_telecom,pfbid0WLJzbujUQqDkD6aG2bHZPetAQBerVRLR6tN8NbxBFWenNcxKn5iDmVGGKkrwisFdl,1527921429052298,واش مزال العرض ديال *6 اللامحدود ديال 50 درهم,2026-06-08 15:28:38,2
maroc_telecom,pfbid0WLJzbujUQqDkD6aG2bHZPetAQBerVRLR6tN8NbxBFWenNcxKn5iDmVGGKkrwisFdl,1461681835712853,السلام عليكم باقي كاين العرض شارجيتها داك نهار أومشات ليا اليوم,2026-06-08 14:18:18,0
maroc_telecom,pfbid0WLJzbujUQqDkD6aG2bHZPetAQBerVRLR6tN8NbxBFWenNcxKn5iDmVGGKkrwisFdl,1330981902467996,واش مزال,2026-06-07 21:55:03,0
maroc_telecom,pfbid0WLJzbujUQqDkD6aG2bHZPetAQBerVRLR6tN8NbxBFWenNcxKn5iDmVGGKkrwisFdl,3915393295270364,واش مزال العرض ديال *6 50 dh,2026-06-07 20:40:53,2
maroc_telecom,pfbid0WLJzbujUQqDkD6aG2bHZPetAQBerVRLR6tN8NbxBFWenNcxKn5iDmVGGKkrwisFdl,1673836263825378,واش كين لعرض *6,2026-06-07 20:05:23,5
maroc_telecom,pfbid0WLJzbujUQqDkD6aG2bHZPetAQBerVRLR6tN8NbxBFWenNcxKn5iDmVGGKkrwisFdl,4438802519709582,Wax kayn 3ard *6 50 dh haliyan,2026-06-07 18:31:40,1
maroc_telecom,pfbid0WLJzbujUQqDkD6aG2bHZPetAQBerVRLR6tN8NbxBFWenNcxKn5iDmVGGKkrwisFdl,1737313534114473,واش كاين العرض نجمة 6,2026-06-07 15:20:43,0
maroc_telecom,pfbid0WLJzbujUQqDkD6aG2bHZPetAQBerVRLR6tN8NbxBFWenNcxKn5iDmVGGKkrwisFdl,2493454427828271,واش عرض *6 50 درهم فيه اللامحدود + 1 G + ساعة مكالمات,2026-06-07 12:05:51,0
maroc_telecom,pfbid0WLJzbujUQqDkD6aG2bHZPetAQBerVRLR6tN8NbxBFWenNcxKn5iDmVGGKkrwisFdl,2301665977032127,الله يخليكم أنا كان ضاع مني رقم تيليفون ف 2016 ومرجعتش ديك نمرة ومع كنت مخدماها بزاف عزيزة عندي واش كاين شي أمل نسترجع داك رقم ولا لا ؟ وشكراً,2026-06-07 11:19:33,3
maroc_telecom,pfbid0WLJzbujUQqDkD6aG2bHZPetAQBerVRLR6tN8NbxBFWenNcxKn5iDmVGGKkrwisFdl,998280339870605,واش كاين العرض ديال نجمة 6,2026-06-07 11:04:45,0
maroc_telecom,pfbid0WLJzbujUQqDkD6aG2bHZPetAQBerVRLR6tN8NbxBFWenNcxKn5iDmVGGKkrwisFdl,2223320538414888,واش كاين العرض,2026-06-07 09:25:54,0
maroc_telecom,pfbid0WLJzbujUQqDkD6aG2bHZPetAQBerVRLR6tN8NbxBFWenNcxKn5iDmVGGKkrwisFdl,1277425464463349,واش مزال كاين عرض نجمة 6 الامحدود,2026-06-06 20:59:38,0
maroc_telecom,pfbid0WLJzbujUQqDkD6aG2bHZPetAQBerVRLR6tN8NbxBFWenNcxKn5iDmVGGKkrwisFdl,850822181411718,واش عرض اللامحدود نجمة 6  50dh  كاين تاريخ اليوم 7\6\2026,2026-06-06 19:46:48,1
maroc_telecom,pfbid0WLJzbujUQqDkD6aG2bHZPetAQBerVRLR6tN8NbxBFWenNcxKn5iDmVGGKkrwisFdl,1652588539296577,واش مزال العرض ديال *6 اللامحدود ديال 50 درهم,2026-06-05 17:34:45,1
maroc_telecom,pfbid0WLJzbujUQqDkD6aG2bHZPetAQBerVRLR6tN8NbxBFWenNcxKn5iDmVGGKkrwisFdl,1693752528428640,واش كاين العرض نجمة 6 50 درهم,2026-06-05 17:20:16,1
maroc_telecom,pfbid0WLJzbujUQqDkD6aG2bHZPetAQBerVRLR6tN8NbxBFWenNcxKn5iDmVGGKkrwisFdl,3144794665910870,Wach Kayn l3erd dyal *6 50 dh,2026-06-04 22:34:52,1
maroc_telecom,pfbid0WLJzbujUQqDkD6aG2bHZPetAQBerVRLR6tN8NbxBFWenNcxKn5iDmVGGKkrwisFdl,1916496292281474,هل يوجد عرض 50 درهم نجمة 6 شهر كامل,2026-06-04 19:08:49,0
maroc_telecom,pfbid0WLJzbujUQqDkD6aG2bHZPetAQBerVRLR6tN8NbxBFWenNcxKn5iDmVGGKkrwisFdl,1539466437769755,وش كين لغرض 6* 50dh,2026-06-04 18:32:58,0
maroc_telecom,pfbid0WLJzbujUQqDkD6aG2bHZPetAQBerVRLR6tN8NbxBFWenNcxKn5iDmVGGKkrwisFdl,1578952980242342,واش كاين عرض 50 درهم نجمة 6,2026-06-04 13:05:55,0
maroc_telecom,pfbid0WLJzbujUQqDkD6aG2bHZPetAQBerVRLR6tN8NbxBFWenNcxKn5iDmVGGKkrwisFdl,1370188721590918,Ba9i kayn l3ard,2026-06-03 20:03:56,0
maroc_telecom,pfbid0WLJzbujUQqDkD6aG2bHZPetAQBerVRLR6tN8NbxBFWenNcxKn5iDmVGGKkrwisFdl,4480688402153006,Wach kayn l3ard dyal 20 dh *6,2026-06-03 15:34:22,1
maroc_telecom,pfbid0WLJzbujUQqDkD6aG2bHZPetAQBerVRLR6tN8NbxBFWenNcxKn5iDmVGGKkrwisFdl,1991268964809911,واش باقي العرض ديال *6 50درهم؟؟؟,2026-06-03 12:31:42,0
maroc_telecom,pfbid0WLJzbujUQqDkD6aG2bHZPetAQBerVRLR6tN8NbxBFWenNcxKn5iDmVGGKkrwisFdl,973609138627340,واش كاين عرض *6 درهم 50,2026-06-03 08:57:12,0
maroc_telecom,pfbid0WLJzbujUQqDkD6aG2bHZPetAQBerVRLR6tN8NbxBFWenNcxKn5iDmVGGKkrwisFdl,2487783461682388,رقم خدمة زبناء,2026-06-02 21:23:57,1
maroc_telecom,pfbid0WLJzbujUQqDkD6aG2bHZPetAQBerVRLR6tN8NbxBFWenNcxKn5iDmVGGKkrwisFdl,1551510606576592,الخوت واش متوفر العرض ديال 50 درهم *6 او لا مكاينش لي عارف افيدنا الله اسهل عليكم,2026-06-02 20:34:08,1
maroc_telecom,pfbid0WLJzbujUQqDkD6aG2bHZPetAQBerVRLR6tN8NbxBFWenNcxKn5iDmVGGKkrwisFdl,1301798595423165,واش كاين لعرض ديال 50 درهم نجمة 6 حاليا,2026-06-02 10:01:59,0
maroc_telecom,pfbid0WLJzbujUQqDkD6aG2bHZPetAQBerVRLR6tN8NbxBFWenNcxKn5iDmVGGKkrwisFdl,1670888090869315,ومزال العرض 50 درهم*6 متوفر 🤔,2026-06-02 08:21:31,0
maroc_telecom,pfbid0WLJzbujUQqDkD6aG2bHZPetAQBerVRLR6tN8NbxBFWenNcxKn5iDmVGGKkrwisFdl,1008729048283994,20 dh *6,2026-06-01 17:44:01,0
maroc_telecom,pfbid0WLJzbujUQqDkD6aG2bHZPetAQBerVRLR6tN8NbxBFWenNcxKn5iDmVGGKkrwisFdl,1667587274326843,امتى اخر اجل ديل عرض *6 50dh,2026-06-01 17:09:50,0
maroc_telecom,pfbid0WLJzbujUQqDkD6aG2bHZPetAQBerVRLR6tN8NbxBFWenNcxKn5iDmVGGKkrwisFdl,962820846565284,واش كين لعرض,2026-06-01 15:03:22,1
maroc_telecom,pfbid0WLJzbujUQqDkD6aG2bHZPetAQBerVRLR6tN8NbxBFWenNcxKn5iDmVGGKkrwisFdl,1702039594310075,واش مزال العرض ديال *6 اللامحدود ديال 50 درهم,2026-06-01 11:18:58,6
maroc_telecom,pfbid0WLJzbujUQqDkD6aG2bHZPetAQBerVRLR6tN8NbxBFWenNcxKn5iDmVGGKkrwisFdl,1885336712422433,واش باقي لعرض,2026-06-01 10:41:17,0
maroc_telecom,pfbid0WLJzbujUQqDkD6aG2bHZPetAQBerVRLR6tN8NbxBFWenNcxKn5iDmVGGKkrwisFdl,1351879320339308,وبنسبة ل 50 *3,2026-06-01 09:56:10,0
maroc_telecom,pfbid0WLJzbujUQqDkD6aG2bHZPetAQBerVRLR6tN8NbxBFWenNcxKn5iDmVGGKkrwisFdl,1356804962962717,واش كاين العرض *6 ديال 50dh ?? ??,2026-06-01 07:02:19,0
maroc_telecom,pfbid0WLJzbujUQqDkD6aG2bHZPetAQBerVRLR6tN8NbxBFWenNcxKn5iDmVGGKkrwisFdl,4334296633486913,واش كين عرض 50 درهم 6* حاليا,2026-05-31 23:15:50,0
maroc_telecom,pfbid0WLJzbujUQqDkD6aG2bHZPetAQBerVRLR6tN8NbxBFWenNcxKn5iDmVGGKkrwisFdl,1343714827823939,واش كاين العرض اتصلات,2026-05-31 22:24:35,1
maroc_telecom,pfbid0WLJzbujUQqDkD6aG2bHZPetAQBerVRLR6tN8NbxBFWenNcxKn5iDmVGGKkrwisFdl,1507369180770594,واش كاين عرض,2026-05-31 22:16:21,0
maroc_telecom,pfbid0WLJzbujUQqDkD6aG2bHZPetAQBerVRLR6tN8NbxBFWenNcxKn5iDmVGGKkrwisFdl,828204533392074,Wach ba9i l3ared nejma 6  dyal 50 dh le 31/5/2026,2026-05-31 21:09:16,1
maroc_telecom,pfbid0WLJzbujUQqDkD6aG2bHZPetAQBerVRLR6tN8NbxBFWenNcxKn5iDmVGGKkrwisFdl,1553934712769658,واش كاين عرض 50نجمة 6,2026-05-31 21:02:59,0
maroc_telecom,pfbid0WLJzbujUQqDkD6aG2bHZPetAQBerVRLR6tN8NbxBFWenNcxKn5iDmVGGKkrwisFdl,1742029640290482,واش كاين 20dh = 15jrs,2026-05-31 19:14:38,1
maroc_telecom,pfbid0WLJzbujUQqDkD6aG2bHZPetAQBerVRLR6tN8NbxBFWenNcxKn5iDmVGGKkrwisFdl,1699484327847231,واش مزال عرض*6 50 dh,2026-05-31 16:48:51,0
maroc_telecom,pfbid0WLJzbujUQqDkD6aG2bHZPetAQBerVRLR6tN8NbxBFWenNcxKn5iDmVGGKkrwisFdl,996131243141234,السلام عليكم المنطقة ديالنا كتعاني من نقص في الشبكة اتصالات المغرب المرجو ترقب المشلكة,2026-05-31 15:36:29,0
maroc_telecom,pfbid0WLJzbujUQqDkD6aG2bHZPetAQBerVRLR6tN8NbxBFWenNcxKn5iDmVGGKkrwisFdl,1665000931506070,كين العرض حاليا,2026-05-31 15:03:05,1
maroc_telecom,pfbid0WLJzbujUQqDkD6aG2bHZPetAQBerVRLR6tN8NbxBFWenNcxKn5iDmVGGKkrwisFdl,1312402007744932,سلام عليكم واش كاينة العرض ديال *6 50 درهم,2026-05-31 14:44:30,1
maroc_telecom,pfbid0WLJzbujUQqDkD6aG2bHZPetAQBerVRLR6tN8NbxBFWenNcxKn5iDmVGGKkrwisFdl,2495925500848368,ونجمة 5 ديال 5 دراهم اشكاتعطيو فيها,2026-05-31 14:14:25,2
maroc_telecom,pfbid0WLJzbujUQqDkD6aG2bHZPetAQBerVRLR6tN8NbxBFWenNcxKn5iDmVGGKkrwisFdl,835994469192805,واش العرض متوفر حاليا,2026-05-31 11:43:07,1
maroc_telecom,pfbid0WLJzbujUQqDkD6aG2bHZPetAQBerVRLR6tN8NbxBFWenNcxKn5iDmVGGKkrwisFdl,2222564058505182,هل العرض متوفر اليوم  ، 50*6,2026-05-31 10:59:00,0
maroc_telecom,pfbid0WLJzbujUQqDkD6aG2bHZPetAQBerVRLR6tN8NbxBFWenNcxKn5iDmVGGKkrwisFdl,1533398024767682,واش كاين لعرض 50 درهم نجمة 6 اليوم 30 ماي,2026-05-30 22:33:43,0
maroc_telecom,pfbid0WLJzbujUQqDkD6aG2bHZPetAQBerVRLR6tN8NbxBFWenNcxKn5iDmVGGKkrwisFdl,855693564274883,واش كاين عرض ☆6 20 درهم ؟,2026-05-30 19:12:16,1
maroc_telecom,pfbid0WLJzbujUQqDkD6aG2bHZPetAQBerVRLR6tN8NbxBFWenNcxKn5iDmVGGKkrwisFdl,1027727609725154,كفاش ديك غير ب 50 dh,2026-05-30 14:27:16,4
maroc_telecom,pfbid0WLJzbujUQqDkD6aG2bHZPetAQBerVRLR6tN8NbxBFWenNcxKn5iDmVGGKkrwisFdl,962404363278088,وش كين العرض 50درهم داب,2026-05-30 11:35:36,0
maroc_telecom,pfbid0WLJzbujUQqDkD6aG2bHZPetAQBerVRLR6tN8NbxBFWenNcxKn5iDmVGGKkrwisFdl,1303288171363209,واش اليوم إسالي العرض *6 50 درهم,2026-05-30 07:57:02,0
maroc_telecom,pfbid0WLJzbujUQqDkD6aG2bHZPetAQBerVRLR6tN8NbxBFWenNcxKn5iDmVGGKkrwisFdl,1001094595665616,Wch kin l3rde dyl 50,2026-05-29 21:39:04,0
maroc_telecom,pfbid0WLJzbujUQqDkD6aG2bHZPetAQBerVRLR6tN8NbxBFWenNcxKn5iDmVGGKkrwisFdl,1516579540114456,واش العرض متوفر حاليا عفاك شي واحد إجاوبني,2026-05-29 18:20:02,0
maroc_telecom,pfbid0WLJzbujUQqDkD6aG2bHZPetAQBerVRLR6tN8NbxBFWenNcxKn5iDmVGGKkrwisFdl,1621387919380445,واش كاين عرض 50 درهم نجمة 6,2026-05-29 15:30:36,1
maroc_telecom,pfbid0WLJzbujUQqDkD6aG2bHZPetAQBerVRLR6tN8NbxBFWenNcxKn5iDmVGGKkrwisFdl,1417558983739122,30 dh chahla fiah mn jiga,2026-05-28 22:51:03,0
maroc_telecom,pfbid0WLJzbujUQqDkD6aG2bHZPetAQBerVRLR6tN8NbxBFWenNcxKn5iDmVGGKkrwisFdl,1026761569778419,عافاك واش عرض *6/50 درهم متوفر اليوم 28 ماي 2026,2026-05-28 21:57:30,0
maroc_telecom,pfbid0WLJzbujUQqDkD6aG2bHZPetAQBerVRLR6tN8NbxBFWenNcxKn5iDmVGGKkrwisFdl,27345573565061589,انا نجمة خاصني ندير باش نستافد من عرض كولشي,2026-05-28 21:50:36,0
maroc_telecom,pfbid0WLJzbujUQqDkD6aG2bHZPetAQBerVRLR6tN8NbxBFWenNcxKn5iDmVGGKkrwisFdl,854135021077283,كين العرض *6,2026-05-28 21:01:09,0
maroc_telecom,pfbid0WLJzbujUQqDkD6aG2bHZPetAQBerVRLR6tN8NbxBFWenNcxKn5iDmVGGKkrwisFdl,1915467059133644,L3ard kayn,2026-05-28 20:25:22,0
maroc_telecom,pfbid0WLJzbujUQqDkD6aG2bHZPetAQBerVRLR6tN8NbxBFWenNcxKn5iDmVGGKkrwisFdl,1935376367081844,10 dh *6 chhal fiha,2026-05-28 19:15:20,0
maroc_telecom,pfbid0WLJzbujUQqDkD6aG2bHZPetAQBerVRLR6tN8NbxBFWenNcxKn5iDmVGGKkrwisFdl,943642505393504,سلام واش كاين عرض تصلات نجمة 6,2026-05-28 18:57:06,0
maroc_telecom,pfbid0WLJzbujUQqDkD6aG2bHZPetAQBerVRLR6tN8NbxBFWenNcxKn5iDmVGGKkrwisFdl,995715616174062,امتى اخر اجل ديال عرض نجمة 6 50 درهم,2026-05-28 14:59:13,2
maroc_telecom,pfbid0WLJzbujUQqDkD6aG2bHZPetAQBerVRLR6tN8NbxBFWenNcxKn5iDmVGGKkrwisFdl,1022189547010045,واش كاين العرض *6,2026-05-28 14:32:53,0
maroc_telecom,pfbid0WLJzbujUQqDkD6aG2bHZPetAQBerVRLR6tN8NbxBFWenNcxKn5iDmVGGKkrwisFdl,1307397244259469,مرحبا,2026-05-28 08:34:31,0
maroc_telecom,pfbid0WLJzbujUQqDkD6aG2bHZPetAQBerVRLR6tN8NbxBFWenNcxKn5iDmVGGKkrwisFdl,1014352020930879,"السلام عليكم 
انا درت عرض النجمة 6 اليوم على الساعة 20:35 و من بعد طفيت التلفون و شعلتو و طلبو cod pin ولكن نسيتو و الان طالبين cod puk ومعنديش 
شنو الحل ؟",2026-05-28 02:59:25,2
maroc_telecom,pfbid0WLJzbujUQqDkD6aG2bHZPetAQBerVRLR6tN8NbxBFWenNcxKn5iDmVGGKkrwisFdl,1374975777807285,جميع العروض,2026-05-27 21:27:31,1
maroc_telecom,pfbid0WLJzbujUQqDkD6aG2bHZPetAQBerVRLR6tN8NbxBFWenNcxKn5iDmVGGKkrwisFdl,741376349033750,وش كين عرض نجمة 6,2026-05-27 19:46:42,0
maroc_telecom,pfbid0WLJzbujUQqDkD6aG2bHZPetAQBerVRLR6tN8NbxBFWenNcxKn5iDmVGGKkrwisFdl,1428073722700252,خويا العروض ديال الاشتراك الشهري,2026-05-27 17:59:53,0
maroc_telecom,pfbid0WLJzbujUQqDkD6aG2bHZPetAQBerVRLR6tN8NbxBFWenNcxKn5iDmVGGKkrwisFdl,1324580039000998,"واش كين عرض نجمة *3,50dh *كتعطي 10 G",2026-05-27 17:52:42,2
maroc_telecom,pfbid0WLJzbujUQqDkD6aG2bHZPetAQBerVRLR6tN8NbxBFWenNcxKn5iDmVGGKkrwisFdl,3853574171440108,وش كي *6 ب 5درهم,2026-05-27 12:07:37,0
maroc_telecom,pfbid0WLJzbujUQqDkD6aG2bHZPetAQBerVRLR6tN8NbxBFWenNcxKn5iDmVGGKkrwisFdl,1663665011501006,ݣالوا ليا مكينش العرض نجمة 6 50درهم,2026-05-27 01:37:04,1
maroc_telecom,pfbid0WLJzbujUQqDkD6aG2bHZPetAQBerVRLR6tN8NbxBFWenNcxKn5iDmVGGKkrwisFdl,949106504554099,أنا درت 50 درهم عرض نجمة6 ومخداماش ليا مزيان كل مرة يطلع ليا الوضع الأساسي هل من حل؟,2026-05-26 23:49:03,5
maroc_telecom,pfbid0WLJzbujUQqDkD6aG2bHZPetAQBerVRLR6tN8NbxBFWenNcxKn5iDmVGGKkrwisFdl,1006951835135713,السلام عليكم ممكن كيفاش نقد نتواصل معكم بشأن نقص الصبيب ديال wifi dar box وشكرا,2026-05-26 22:42:10,0
maroc_telecom,pfbid0WLJzbujUQqDkD6aG2bHZPetAQBerVRLR6tN8NbxBFWenNcxKn5iDmVGGKkrwisFdl,2256015128472196,علاش قطعو لينا ويفي,2026-05-26 21:57:29,1
maroc_telecom,pfbid0WLJzbujUQqDkD6aG2bHZPetAQBerVRLR6tN8NbxBFWenNcxKn5iDmVGGKkrwisFdl,1035651008832596,واش كاين عرض *66 يوتوب وتيك توك ؟؟,2026-05-26 20:56:44,1
maroc_telecom,pfbid0WLJzbujUQqDkD6aG2bHZPetAQBerVRLR6tN8NbxBFWenNcxKn5iDmVGGKkrwisFdl,2171783096932825,5*,2026-05-26 19:45:28,1
maroc_telecom,pfbid0WLJzbujUQqDkD6aG2bHZPetAQBerVRLR6tN8NbxBFWenNcxKn5iDmVGGKkrwisFdl,1971177360425302,ممكن نعرف كفاش نحصل على كود puk,2026-05-26 19:21:36,0
maroc_telecom,pfbid0WLJzbujUQqDkD6aG2bHZPetAQBerVRLR6tN8NbxBFWenNcxKn5iDmVGGKkrwisFdl,2199301724205116,واش  باقي العرض ذيال خمسين ذرهم,2026-05-26 19:10:11,0
maroc_telecom,pfbid0WLJzbujUQqDkD6aG2bHZPetAQBerVRLR6tN8NbxBFWenNcxKn5iDmVGGKkrwisFdl,2161569271273375,السلام عليكم ممكن كيفية الحصول على رقم ديلير؟؟,2026-05-26 19:05:02,0
maroc_telecom,pfbid0WLJzbujUQqDkD6aG2bHZPetAQBerVRLR6tN8NbxBFWenNcxKn5iDmVGGKkrwisFdl,2183681872194245,واش كاين ×22,2026-05-26 17:27:27,0
maroc_telecom,pfbid0WLJzbujUQqDkD6aG2bHZPetAQBerVRLR6tN8NbxBFWenNcxKn5iDmVGGKkrwisFdl,961862703304717,واش كاين عرض *6 20 درهم,2026-05-26 16:47:55,3
maroc_telecom,pfbid0WLJzbujUQqDkD6aG2bHZPetAQBerVRLR6tN8NbxBFWenNcxKn5iDmVGGKkrwisFdl,986944264124628,"الرسائل النصية مكتوصلنيش, كرمز التحقق شنو المشكل",2026-05-26 16:18:28,2
maroc_telecom,pfbid0WLJzbujUQqDkD6aG2bHZPetAQBerVRLR6tN8NbxBFWenNcxKn5iDmVGGKkrwisFdl,1725859418597677,عفاك 5 درهم نجمة 6 شحال فيها,2026-05-26 15:30:09,0
maroc_telecom,pfbid0WLJzbujUQqDkD6aG2bHZPetAQBerVRLR6tN8NbxBFWenNcxKn5iDmVGGKkrwisFdl,991465223361925,حتلين مزال عرض *50درهم,2026-05-26 12:54:18,0
maroc_telecom,pfbid0WLJzbujUQqDkD6aG2bHZPetAQBerVRLR6tN8NbxBFWenNcxKn5iDmVGGKkrwisFdl,1336718818343489,سلام  واش  كين  عرض  *6,2026-05-26 12:43:33,0
maroc_telecom,pfbid0WLJzbujUQqDkD6aG2bHZPetAQBerVRLR6tN8NbxBFWenNcxKn5iDmVGGKkrwisFdl,1466605908109662,واش كاين حتى ديال 30 درهم,2026-05-26 12:41:01,7
maroc_telecom,pfbid0WLJzbujUQqDkD6aG2bHZPetAQBerVRLR6tN8NbxBFWenNcxKn5iDmVGGKkrwisFdl,1929034737798420,واش كاين عرض *6 50 dh,2026-06-07 15:21:41,0
maroc_telecom,pfbid0WLJzbujUQqDkD6aG2bHZPetAQBerVRLR6tN8NbxBFWenNcxKn5iDmVGGKkrwisFdl,1712621979762600,كاين عرض*6 تصلات,2026-06-01 11:52:17,0
maroc_telecom,pfbid0WLJzbujUQqDkD6aG2bHZPetAQBerVRLR6tN8NbxBFWenNcxKn5iDmVGGKkrwisFdl,1554516093059751,Wach baka,2026-06-10 18:21:51,0
maroc_telecom,pfbid0WLJzbujUQqDkD6aG2bHZPetAQBerVRLR6tN8NbxBFWenNcxKn5iDmVGGKkrwisFdl,1490102852225643,Wach ba9i,2026-06-13 18:15:43,0
maroc_telecom,pfbid0WLJzbujUQqDkD6aG2bHZPetAQBerVRLR6tN8NbxBFWenNcxKn5iDmVGGKkrwisFdl,1483755826825401,سلام واش كاين لعرض 50 درهم اتصالات,2026-06-05 14:10:54,0
maroc_telecom,pfbid0WLJzbujUQqDkD6aG2bHZPetAQBerVRLR6tN8NbxBFWenNcxKn5iDmVGGKkrwisFdl,1405500624958607,مزال هذا العرض؟,2026-06-13 12:09:53,0
maroc_telecom,pfbid0WLJzbujUQqDkD6aG2bHZPetAQBerVRLR6tN8NbxBFWenNcxKn5iDmVGGKkrwisFdl,985467227748182,واش كينا نجمة 3شهر,2026-05-26 13:09:25,0
maroc_telecom,pfbid0WLJzbujUQqDkD6aG2bHZPetAQBerVRLR6tN8NbxBFWenNcxKn5iDmVGGKkrwisFdl,2202018283906312,30 dh na3m,2026-05-28 00:59:48,0
maroc_telecom,pfbid0WLJzbujUQqDkD6aG2bHZPetAQBerVRLR6tN8NbxBFWenNcxKn5iDmVGGKkrwisFdl,976004805166574,Hhhhhhhh,2026-05-27 00:57:18,0
maroc_telecom,pfbid0WLJzbujUQqDkD6aG2bHZPetAQBerVRLR6tN8NbxBFWenNcxKn5iDmVGGKkrwisFdl,1980437519232832,سلام  واش  كين  عرض  *6,2026-05-26 12:43:44,7
maroc_telecom,pfbid0WLJzbujUQqDkD6aG2bHZPetAQBerVRLR6tN8NbxBFWenNcxKn5iDmVGGKkrwisFdl,845033701672424,3afakom wach kayn doble f recharge 50dh ila dkhltha 3adiya,2026-06-16 14:00:23,0
maroc_telecom,pfbid0WLJzbujUQqDkD6aG2bHZPetAQBerVRLR6tN8NbxBFWenNcxKn5iDmVGGKkrwisFdl,1673810390403376,Slm wach kyn l3rd,2026-06-04 12:26:55,0
maroc_telecom,pfbid0WLJzbujUQqDkD6aG2bHZPetAQBerVRLR6tN8NbxBFWenNcxKn5iDmVGGKkrwisFdl,931972719877103,غير ب 50 درهم هه,2026-05-26 16:26:47,0
maroc_telecom,pfbid0WLJzbujUQqDkD6aG2bHZPetAQBerVRLR6tN8NbxBFWenNcxKn5iDmVGGKkrwisFdl,2495516104590187,Hind Messrour,2026-05-29 21:57:02,0
maroc_telecom,pfbid0WLJzbujUQqDkD6aG2bHZPetAQBerVRLR6tN8NbxBFWenNcxKn5iDmVGGKkrwisFdl,1541019291005244,C,2026-06-12 06:07:09,0
maroc_telecom,pfbid0WLJzbujUQqDkD6aG2bHZPetAQBerVRLR6tN8NbxBFWenNcxKn5iDmVGGKkrwisFdl,1092295613975279,واش كاين عرض *6 ديال 20درهم,2026-06-08 19:42:40,0
maroc_telecom,pfbid0WLJzbujUQqDkD6aG2bHZPetAQBerVRLR6tN8NbxBFWenNcxKn5iDmVGGKkrwisFdl,1009870574843580,Kina app,2026-05-27 22:39:11,0
orange,photo.php?fbid=775068831325189&set=pb.100064662374992.-2207520000&type=3,1087193458996396,"سلام عليكم
واش كاين ضوبل",2024-02-24 16:21:02,0
orange,photo.php?fbid=775068831325189&set=pb.100064662374992.-2207520000&type=3,941713684228581,"دابا نهار 27 واش ندخلوها بنهار ولا حت ل 12 دالليل عاد غاطلقوها
Orange",2024-02-25 10:25:44,0
orange,photo.php?fbid=775068831325189&set=pb.100064662374992.-2207520000&type=3,934396341575391,قادة غير ريزو,2024-02-25 10:36:58,0
orange,photo.php?fbid=775068831325189&set=pb.100064662374992.-2207520000&type=3,3326396250994368,بغيت غير نعرف علاش قطعتو عليا نجمة6 علما دايرها نهار 12فبراير بقي مكملش الشهر عطوني رقم وكالة ولا شحاجة خلوني نهضر معاكم,2024-02-25 10:38:31,0
orange,photo.php?fbid=775068831325189&set=pb.100064662374992.-2207520000&type=3,941628797527355,صايبو داك الريزو راه تغطية منعدمة,2024-02-25 11:00:38,0
orange,photo.php?fbid=775068831325189&set=pb.100064662374992.-2207520000&type=3,1584505529017932,عملت تعبئة 30 درهم  *3 داوهالي فليلة الشفرة لا حول ولا قوة إلا بالله العلي العظيم,2024-02-25 11:23:57,1
orange,photo.php?fbid=775068831325189&set=pb.100064662374992.-2207520000&type=3,1581476969293002,"salam
3andi Adsl ma9tou3 20 youm hadi 
dima kan3ayat wakha wakha natija walo
7adgin ghir f l ich-har",2024-02-25 11:41:37,0
orange,photo.php?fbid=775068831325189&set=pb.100064662374992.-2207520000&type=3,410553541449250,الخوت علاش مقطوعة عندي عرض نجمة 🌟 6 رغم ان الأجل ديالها باقي عندي تار 22 في شهر جاي شي واحد وقع ليه نفس البلان,2024-02-25 12:05:50,0
orange,photo.php?fbid=775068831325189&set=pb.100064662374992.-2207520000&type=3,388946173869486,كين لعرد *6,2024-02-25 12:17:02,0
orange,photo.php?fbid=775068831325189&set=pb.100064662374992.-2207520000&type=3,3644461319202477,دابا أنا مركب روشارج نجمة 6 واش بلي طلقوها غادي تبقا ألا نركب وحدة خرا,2024-02-25 12:28:18,0
orange,photo.php?fbid=775068831325189&set=pb.100064662374992.-2207520000&type=3,2685782228245997,على شحال كتقطعو الويفي ؟ دخلناه 29 شهر لي فات و قاطعينو 3 أيام دابا واش هدشي خدمة و لا تخربيق ؟ و حتا باش تهضرومعانا دايرين روبو بحالا هو لي غيفهم شنو عندي,2024-02-25 12:37:15,0
orange,photo.php?fbid=775068831325189&set=pb.100064662374992.-2207520000&type=3,230849306783707,Baz 3la had chafra l fikom awili kadir 10dh katir f sa3,2024-02-25 12:38:27,0
orange,photo.php?fbid=775068831325189&set=pb.100064662374992.-2207520000&type=3,419258710606139,5دراهم شحال فيها من دقيقة,2024-02-25 12:40:48,0
orange,photo.php?fbid=775068831325189&set=pb.100064662374992.-2207520000&type=3,935392981266952,امتا غترجع *6,2024-02-25 13:01:24,0
orange,photo.php?fbid=775068831325189&set=pb.100064662374992.-2207520000&type=3,341330472233149,*6,2024-02-25 13:04:14,0
orange,photo.php?fbid=775068831325189&set=pb.100064662374992.-2207520000&type=3,1527450268106232,التغطية والو,2024-02-25 13:07:11,1
orange,photo.php?fbid=775068831325189&set=pb.100064662374992.-2207520000&type=3,3198210143807188,كيفاش نحيد بواط فوكال.,2024-02-25 13:15:43,0
orange,photo.php?fbid=775068831325189&set=pb.100064662374992.-2207520000&type=3,361950916717637,10dh *5 chhal fiha,2024-02-25 13:18:58,0
orange,photo.php?fbid=775068831325189&set=pb.100064662374992.-2207520000&type=3,313833661678120,دخلت 30 درهم عطاوني 2 جيݣا ؟؟,2024-02-25 13:20:10,0
orange,photo.php?fbid=775068831325189&set=pb.100064662374992.-2207520000&type=3,2069706363422423,ريزو بالمنطقة ديالنا ميتة ديال بصح,2024-02-25 13:37:07,0
orange,photo.php?fbid=775068831325189&set=pb.100064662374992.-2207520000&type=3,286400947598700,brina najma 6 lahihfadkom himta radi traj3o3a,2024-02-25 14:07:36,0
orange,photo.php?fbid=775068831325189&set=pb.100064662374992.-2207520000&type=3,1184588029186164,إمتي غدي ترجع العرض *6,2024-02-25 14:16:13,8
orange,photo.php?fbid=775068831325189&set=pb.100064662374992.-2207520000&type=3,1055467215513963,تعبئة 5 دراهم نجمة 5 شحال كتبقى ؟,2024-02-25 14:20:53,0
orange,photo.php?fbid=775068831325189&set=pb.100064662374992.-2207520000&type=3,919569339861571,مرجبا ولكن النغطيه وااو 0,2024-02-25 14:48:03,0
orange,photo.php?fbid=775068831325189&set=pb.100064662374992.-2207520000&type=3,1391511284831103,Faible,2024-02-25 14:48:09,0
orange,photo.php?fbid=775068831325189&set=pb.100064662374992.-2207520000&type=3,773149964876443,كفاش قالب هاد أرونج شارجيت العرب نهار15 من هاد شهر وداوه اليوم مكمل تا 10 ايام ولاو غا كيخورو فبنادم.,2024-02-25 15:32:22,0
orange,photo.php?fbid=775068831325189&set=pb.100064662374992.-2207520000&type=3,1133205494277931,"لَحى اللَهُ الفِراقَ وَلا رَعاهُ
فَكَم قَد شَكَّ قَلبي بِالنِبالِ",2024-02-25 16:22:03,1
orange,photo.php?fbid=775068831325189&set=pb.100064662374992.-2207520000&type=3,917177173748134,وخا ريزو ميت غنديرها ولاهد قطعة انافيها,2024-02-25 16:25:21,0
orange,photo.php?fbid=775068831325189&set=pb.100064662374992.-2207520000&type=3,1826131787826707,ريزو ضعيف بزاف,2024-02-25 16:28:49,0
orange,photo.php?fbid=775068831325189&set=pb.100064662374992.-2207520000&type=3,686597413687367,قادو ليا غا ريزي ديالكم راه قهرنا,2024-02-25 16:28:53,0
orange,photo.php?fbid=775068831325189&set=pb.100064662374992.-2207520000&type=3,2206945416311676,المرجو زيادة قوة الشبكة أولا,2024-02-25 16:29:05,0
orange,photo.php?fbid=775068831325189&set=pb.100064662374992.-2207520000&type=3,3661313177530344,فقاش غادي يرجع العرض *6,2024-02-25 16:41:17,0
orange,photo.php?fbid=775068831325189&set=pb.100064662374992.-2207520000&type=3,1470305680247553,وش كين لعرض ديل نجمة 6,2024-02-25 16:51:58,0
orange,photo.php?fbid=775068831325189&set=pb.100064662374992.-2207520000&type=3,332126945920563,اورنج رجعي ليا فلوسي,2024-02-25 18:23:52,0
orange,photo.php?fbid=775068831325189&set=pb.100064662374992.-2207520000&type=3,948749586785652,وراحنا توحشناها طلقونا خلاص,2024-02-25 18:24:54,0
orange,photo.php?fbid=775068831325189&set=pb.100064662374992.-2207520000&type=3,1311361349508078,معلومات حول الفورفي ديال 49dh,2024-02-25 18:26:08,0
orange,photo.php?fbid=775068831325189&set=pb.100064662374992.-2207520000&type=3,784427267051089,ولات زيرو فقصتني مبقينا نشوفو والو تفرج دقيقه بزز,2024-02-25 18:55:43,2
orange,photo.php?fbid=775068831325189&set=pb.100064662374992.-2207520000&type=3,2111164345914931,نجمة راجعة والريزو مشى بلا رجعة ههههه,2024-02-25 19:18:46,0
orange,photo.php?fbid=775068831325189&set=pb.100064662374992.-2207520000&type=3,1486493395234505,امتا راجع عرض *6,2024-02-25 19:23:36,0
orange,photo.php?fbid=775068831325189&set=pb.100064662374992.-2207520000&type=3,244580202041310,قدو لينا اريزو عاد نشوفو نجمة  6,2024-02-25 19:25:37,0
orange,photo.php?fbid=775068831325189&set=pb.100064662374992.-2207520000&type=3,3667279566845723,3laxh resaux d orange kilmrd?,2024-02-25 19:33:10,0
orange,photo.php?fbid=775068831325189&set=pb.100064662374992.-2207520000&type=3,1060558825036124,Rizo Walo 0,2024-02-25 19:36:51,0
orange,photo.php?fbid=775068831325189&set=pb.100064662374992.-2207520000&type=3,1152422982787112,الأن أكره أورونج التي ستعود بتغطية ضعيفه كما العاده دائما,2024-02-25 19:50:07,2
orange,photo.php?fbid=775068831325189&set=pb.100064662374992.-2207520000&type=3,793725006109186,واش كين عرد*6,2024-02-25 20:02:05,0
orange,photo.php?fbid=775068831325189&set=pb.100064662374992.-2207520000&type=3,768420755209154,واحد الريزو عندنا حنى من الزلزال غير كاتوصل 10 الليل كايقطع الريزو حتى طلع ثاني الشمس فالصباح مع 9 المرض معاكم ولاكن راه بداو الناس كايشريو كارط انوي اللهم هي ولا داك الريزو تاعكم عصبتونا,2024-02-25 20:10:07,0
orange,photo.php?fbid=775068831325189&set=pb.100064662374992.-2207520000&type=3,1326012501420281,امتي غدي ترجع العرض,2024-02-25 20:10:46,0
orange,photo.php?fbid=775068831325189&set=pb.100064662374992.-2207520000&type=3,1298739960803065,خويا الله يحفظك باغي نلغي واحد الفورفي,2024-02-26 10:28:27,0
orange,photo.php?fbid=775068831325189&set=pb.100064662374992.-2207520000&type=3,781924426599721,واش لعارض معا 12:00 دليل اطلقوه ولا حتا لغدا,2024-02-26 10:51:07,0
orange,photo.php?fbid=775068831325189&set=pb.100064662374992.-2207520000&type=3,428100639675428,اشمن ساعة غترجع فيه غدا عفاكم,2024-02-26 11:09:54,0
orange,photo.php?fbid=775068831325189&set=pb.100064662374992.-2207520000&type=3,1599266340888839,اشمن ساعة غترجع فيه غدا *6,2024-02-26 11:35:48,0
orange,photo.php?fbid=775068831325189&set=pb.100064662374992.-2207520000&type=3,1641287180008661,قادو ريزو هو لول 😏😏,2024-02-26 11:40:50,0
orange,photo.php?fbid=775068831325189&set=pb.100064662374992.-2207520000&type=3,390955370546710,كيفاش دار عندي كاملة فيها ريزو إلا واحد البيت مفيهش ريزو حشومة هادشي ديرو لازم وطلقو لينا ريزو فالبيوت كاملين وشكرا,2024-02-26 11:42:15,0
orange,photo.php?fbid=775068831325189&set=pb.100064662374992.-2207520000&type=3,264186269958450,سلام واش ممكن ليا نشارجي مع 12:00 ليلا,2024-02-26 11:58:24,1
orange,photo.php?fbid=775068831325189&set=pb.100064662374992.-2207520000&type=3,735976235306289,6* كاينة,2024-02-26 12:04:04,0
orange,photo.php?fbid=775068831325189&set=pb.100064662374992.-2207520000&type=3,417540810725511,Salam wach ghadi irj3 l3rd lyom bllil ?,2024-02-26 12:14:46,0
orange,photo.php?fbid=775068831325189&set=pb.100064662374992.-2207520000&type=3,1068418967705884,واش إلا دخلت*6 فم 00:00 عدي آه لا ولا حتى نهار,2024-02-26 12:14:58,0
orange,photo.php?fbid=775068831325189&set=pb.100064662374992.-2207520000&type=3,314929284898800,واش ممكن نشارجي *6دابا,2024-02-26 12:24:00,0
orange,photo.php?fbid=775068831325189&set=pb.100064662374992.-2207520000&type=3,1090129232039243,الريزو ديال أورونج  مصاب بصعوبة التنفس  الله يحسن العون,2024-02-26 12:29:45,0
orange,photo.php?fbid=775068831325189&set=pb.100064662374992.-2207520000&type=3,1131400474708496,شحال رقم الي بغيتي تواصل مع مصلحة الزبناء ارونج,2024-02-26 12:47:07,0
orange,photo.php?fbid=775068831325189&set=pb.100064662374992.-2207520000&type=3,382271004548554,Labolement 49 dh ach fiha,2024-02-26 12:51:01,0
orange,photo.php?fbid=775068831325189&set=pb.100064662374992.-2207520000&type=3,932209355169629,واش كاين الروشارج مضاعف حاليا,2024-02-26 12:51:21,0
orange,photo.php?fbid=775068831325189&set=pb.100064662374992.-2207520000&type=3,1179530123418982,إمتا ترجع *6,2024-02-26 13:00:44,0
orange,photo.php?fbid=775068831325189&set=pb.100064662374992.-2207520000&type=3,912378357216155,معاش بالظبط اترجعو *6 بالساعة,2024-02-26 13:09:02,0
orange,photo.php?fbid=775068831325189&set=pb.100064662374992.-2207520000&type=3,739101974983433,واش كين عرض *6,2024-02-26 13:09:21,0
orange,photo.php?fbid=775068831325189&set=pb.100064662374992.-2207520000&type=3,704327431906862,Salam *6 wach kayn,2024-02-26 13:30:38,0
orange,photo.php?fbid=775068831325189&set=pb.100064662374992.-2207520000&type=3,1517572342143619,Elash drt 3rd *4 mokalamat dowalia omnin kansoni kaygololia maymknsh????????,2024-02-26 13:33:13,0
orange,photo.php?fbid=775068831325189&set=pb.100064662374992.-2207520000&type=3,364926596433549,50 dh*3 شحال فيها,2024-02-26 13:35:29,0
orange,photo.php?fbid=775068831325189&set=pb.100064662374992.-2207520000&type=3,707011004813005,واش مورا 12 ليل طلق لا نو,2024-02-26 13:55:28,0
orange,photo.php?fbid=775068831325189&set=pb.100064662374992.-2207520000&type=3,211351875397689,ديرو لينا ريزو 😢,2024-02-26 14:09:13,0
orange,photo.php?fbid=775068831325189&set=pb.100064662374992.-2207520000&type=3,364259333113515,قادو لينا الانترنيت راه ضعيف,2024-02-26 14:24:16,0
orange,photo.php?fbid=775068831325189&set=pb.100064662374992.-2207520000&type=3,1433663330841321,شحال كتعطيك 30درهم *3,2024-02-26 14:29:55,0
orange,photo.php?fbid=775068831325189&set=pb.100064662374992.-2207520000&type=3,913795083818930,فوقاش يرجع العرض,2024-02-26 14:54:57,0
orange,photo.php?fbid=775068831325189&set=pb.100064662374992.-2207520000&type=3,1066240564661961,واش غدا انشاء الله غترجع * 6واشكران,2024-02-26 14:58:42,0
orange,photo.php?fbid=775068831325189&set=pb.100064662374992.-2207520000&type=3,432123799318982,واش العرض غيرجع ليوما مع 12 ديال الليل حيت بغيت غدا نشارجي,2024-02-26 14:58:54,0
orange,photo.php?fbid=775068831325189&set=pb.100064662374992.-2207520000&type=3,427721263151313,*6فنها,2024-02-26 15:09:18,0
orange,photo.php?fbid=775068831325189&set=pb.100064662374992.-2207520000&type=3,250036738077038,امتا غادي ترجع *6,2024-02-26 15:15:54,0
orange,photo.php?fbid=775068831325189&set=pb.100064662374992.-2207520000&type=3,1415383985733717,واش كين *6 د اورانج اليوَم,2024-02-26 15:18:09,0
orange,photo.php?fbid=775068831325189&set=pb.100064662374992.-2207520000&type=3,1420923998516437,Chmn sa3a radi trj3,2024-02-26 23:03:01,0
orange,photo.php?fbid=775068831325189&set=pb.100064662374992.-2207520000&type=3,415633024455272,واش رجع العرض أو مزال دابا,2024-02-27 08:17:42,0
orange,photo.php?fbid=775068831325189&set=pb.100064662374992.-2207520000&type=3,8280870978594652,واليوم 27 واش طلقوها 🙂,2024-02-27 10:59:58,0
orange,photo.php?fbid=775068831325189&set=pb.100064662374992.-2207520000&type=3,282226488226944,Wach ba9i mtwafar,2024-02-27 18:29:00,0
orange,photo.php?fbid=775068831325189&set=pb.100064662374992.-2207520000&type=3,359847197018422,صلحو ريزو را ضعيف,2024-02-27 19:55:16,0
orange,photo.php?fbid=775068831325189&set=pb.100064662374992.-2207520000&type=3,1547919215997947,إمتي غدي ترجع العرض *6,2024-02-27 19:55:40,0
orange,photo.php?fbid=775068831325189&set=pb.100064662374992.-2207520000&type=3,1566838317472727,هل اورونج كتعطي شي هدية متل انوي يوم الأربعاء 😊,2024-02-28 21:08:48,0
orange,photo.php?fbid=775068831325189&set=pb.100064662374992.-2207520000&type=3,2350087845184122,wach kayn l3ard,2024-03-04 23:18:31,0
orange,photo.php?fbid=775068831325189&set=pb.100064662374992.-2207520000&type=3,1403103723734650,Wach ba9i 3arde dyl *6,2024-03-06 14:36:55,0
orange,photo.php?fbid=775068831325189&set=pb.100064662374992.-2207520000&type=3,937599804745744,نجمة 6 مخدامة عندي فمنطقة بوزمو,2024-02-24 18:30:48,0
orange,photo.php?fbid=775068831325189&set=pb.100064662374992.-2207520000&type=3,773403701510243,👏👏👏👏👏الحمد لله,2024-02-24 16:21:24,0
orange,photo.php?fbid=775068831325189&set=pb.100064662374992.-2207520000&type=3,665114888979105,واش أدراري وحتا دريات مرحبا بكم في الصفحة ديالي محتوى رياضي للإستفادة ❤💪🏻,2024-02-29 12:36:09,0
orange,photo.php?fbid=775068831325189&set=pb.100064662374992.-2207520000&type=3,1352262062156222,واش تطلق بليل ليوم إنشاء الله,2024-02-26 19:52:01,0
orange,photo.php?fbid=775068831325189&set=pb.100064662374992.-2207520000&type=3,368042695997470,السلام عليكم فى ضل ضعف  تام لتغطية مركز إيغرم إقليم تارودانت  بصبيب أورونج   . نطلب من مؤسستكم الموقرة بدل جهد للإستجابة لمطلب ملح لأغلبية ساكنة إيغرم (مجال حضرى )من أجل زيادة أعمدة الإتصال بالمنطقة لتمكين  الساكنة من إلتقاط صبيب أورونج  ملاءم  وأتمنى النضر فى مطلبنا المشروع ولكم منا جزيل الشكر,2024-02-26 12:23:59,0
orange,photo.php?fbid=775068831325189&set=pb.100064662374992.-2207520000&type=3,1231364037842204,اشمن وقيتا  فنهار تلات غدي تلقو لعرض *6,2024-02-26 05:48:48,0
orange,photo.php?fbid=775068831325189&set=pb.100064662374992.-2207520000&type=3,7254979804557036,حمد لله مين رتديه,2024-02-26 00:06:10,0
orange,photo.php?fbid=775068831325189&set=pb.100064662374992.-2207520000&type=3,788583739802763,أوووه انا لا أسمعكم,2024-02-25 14:13:25,0
orange,photo.php?fbid=775068831325189&set=pb.100064662374992.-2207520000&type=3,3539650109583946,على سلامتكم,2024-02-25 13:19:14,0
orange,photo.php?fbid=775068831325189&set=pb.100064662374992.-2207520000&type=3,413109011186429,التغطية ضعيفة جدا ما سباب ذلك,2024-02-25 03:26:16,0
orange,photo.php?fbid=775068831325189&set=pb.100064662374992.-2207520000&type=3,360168186826252,عندي ريزو ضعيف ارنج,2024-02-24 21:10:25,1
orange,photo.php?fbid=775068831325189&set=pb.100064662374992.-2207520000&type=3,728107919107263,5 درهم نجمة 6 شحال كتبقى ؟,2024-02-24 20:28:05,1
orange,photo.php?fbid=775068831325189&set=pb.100064662374992.-2207520000&type=3,301993199564827,#كلنا أشرف بلمودن✌️,2024-02-24 19:52:40,6
orange,photo.php?fbid=775068831325189&set=pb.100064662374992.-2207520000&type=3,1637904433615120,"روتاار هاانية، هي مااتقطعوش عرض *6 بشكل نهاائي.
رااه غااتخسروا أهم زبون لي هو أناا 😁😁",2024-02-24 19:24:47,2
orange,photo.php?fbid=775068831325189&set=pb.100064662374992.-2207520000&type=3,1125166475154714,تغطية منعدمة,2024-02-24 18:14:39,0
orange,photo.php?fbid=775068831325189&set=pb.100064662374992.-2207520000&type=3,335348312236508,امتا غادي يرجع عرض *6,2024-02-24 17:41:48,0
orange,photo.php?fbid=775068831325189&set=pb.100064662374992.-2207520000&type=3,715278177386543,وش رجعات نجمة 6,2024-02-24 17:39:34,1
orange,photo.php?fbid=775068831325189&set=pb.100064662374992.-2207520000&type=3,921317456253658,شكرا خالتي اورنج وخا الريزو إن لله أودي أحماد,2024-02-24 17:24:53,6
orange,photo.php?fbid=775068831325189&set=pb.100064662374992.-2207520000&type=3,1336079840403401,احسن ريزو غير في كازا  اما باقي مدن ابصحة,2024-02-24 16:09:44,7
orange,photo.php?fbid=775068831325189&set=pb.100064662374992.-2207520000&type=3,415154107855378,ابولمو 49 درهم اينا نجمة ندير؟,2024-02-24 16:09:09,3
orange,photo.php?fbid=775068831325189&set=pb.100064662374992.-2207520000&type=3,403586075688111,لبغ يدير انترنيت ان نجمة يدير,2024-02-24 14:38:19,2
orange,photo.php?fbid=775068831325189&set=pb.100064662374992.-2207520000&type=3,256540164164611,جاية ب سلحفاة,2024-02-24 14:16:05,2
orange,photo.php?fbid=775068831325189&set=pb.100064662374992.-2207520000&type=3,1912600229176534,واخيرا,2024-02-24 12:34:49,0
orange,photo.php?fbid=775068831325189&set=pb.100064662374992.-2207520000&type=3,2052530021785051,قادو غا التغطية الله يهديكم,2024-02-24 10:26:08,33
orange,photo.php?fbid=775068831325189&set=pb.100064662374992.-2207520000&type=3,1334293123911093,رجعو ليا 200dh لي خسرتها فيوماين,2024-02-24 10:24:10,16
orange,photo.php?fbid=775068831325189&set=pb.100064662374992.-2207520000&type=3,206446662526058,شحال كتعطي دابا 10 دراهم *6,2024-02-24 10:11:47,2
orange,photo.php?fbid=775068831325189&set=pb.100064662374992.-2207520000&type=3,881386457072763,Tl9oha lyom 9bl ghda ylh bdw,2024-02-23 15:54:12,13
orange,photo.php?fbid=775068831325189&set=pb.100064662374992.-2207520000&type=3,1767428603733722,"ماتقوليش مشات *6 و خلاتني
إليميتي لي ماعمرها ماجرحاتني
ماخلات وصاية ولا قبل ودّعاتني
تفكرت اخر مرة خدماتلي😭
قلت ماتخلينيش خليكي متغيبيش
نفديك بفلوسي كامل أنا متمشيش 
هاكي 30 درهم بلا بيك مخصنيش 
يا إليميطي بقاي معايا مطريش🙂
إسطوار دامور جمعاتنا
والحب لي كان بيناتنا 
باصي جامي يتنسا
ولاو يجيو من العروض 5💔
لازم عليكم تصبرو تصبرو وتصبرو 
عارف تا واحد ما بخاطرو ما بخاطرو ما بخاطرو   
 لوكان تشوفي أورونج شحال شابهاك 
نفس نبرة عروض لي عنداك
ملي كاتمشي كانبدلك
ملي كاترجع أنا كانفكرك🙄🙂🤣🤣
كملين كنعنيو
منقول",2024-02-26 15:15:38,0
orange,photo.php?fbid=775068831325189&set=pb.100064662374992.-2207520000&type=3,2155832228083490,واااا لالا أورونج جاوبينا الله اعطيك موصيبة واش كاين العرض *6 اولا مزال مالكي مل البارح واحنا كانسولوفيك اشنو زعما دافعا علينا كبير اولا اشنو هههه,2024-02-27 07:13:49,0
orange,photo.php?fbid=775068831325189&set=pb.100064662374992.-2207520000&type=3,778065807709057,أناا فالقهوة مشؤوم تانتسناا عرض *6 بااش مانبقااش نمشي لقهوة.,2024-02-24 19:29:08,4
orange,photo.php?fbid=775068831325189&set=pb.100064662374992.-2207520000&type=3,694927322570554,طلقو لينا *6 را تقطعنا,2024-02-24 15:49:41,13
orange,photo.php?fbid=775068831325189&set=pb.100064662374992.-2207520000&type=3,1582286772544652,وا ريزو وااالو,2024-02-24 10:25:23,0
orange,photo.php?fbid=775068831325189&set=pb.100064662374992.-2207520000&type=3,697176272628489,العروض المتاحة الان ماهي,2024-02-24 22:18:34,0
orange,photo.php?fbid=775068831325189&set=pb.100064662374992.-2207520000&type=3,419314243870320,بغيت ندير الفورفي ديال 49 درهم,2024-02-24 23:05:21,0
orange,photo.php?fbid=775068831325189&set=pb.100064662374992.-2207520000&type=3,1046897189706949,متى سيكون عرض نجمة 6,2024-02-25 00:34:43,0
orange,photo.php?fbid=775068831325189&set=pb.100064662374992.-2207520000&type=3,726263372947071,الى غادي ترجع بنفس المستوى لي كانت عليه الله لا يرجها,2024-02-25 21:05:28,0
orange,photo.php?fbid=775068831325189&set=pb.100064662374992.-2207520000&type=3,2696628830487361,احسن ريزو هو اورنج كنهضر على منطقة ديالي ...,2024-02-26 08:58:53,0
orange,photo.php?fbid=775068831325189&set=pb.100064662374992.-2207520000&type=3,1088227469163749,بالنسبة*5 أش كاتعطي,2024-02-24 15:15:01,0
orange,photo.php?fbid=775068831325189&set=pb.100064662374992.-2207520000&type=3,473671831674334,الريزو تقيل بزاف,2024-02-24 10:31:10,0
orange,photo.php?fbid=775068831325189&set=pb.100064662374992.-2207520000&type=3,792575366238797,اوا طلبو سلامة لضربوها بالعين تصدق راجعة منين جات,2024-02-24 17:51:13,0
orange,photo.php?fbid=775068831325189&set=pb.100064662374992.-2207520000&type=3,361031530175359,هل يوجد عرض *6,2024-02-24 15:05:21,0
orange,photo.php?fbid=775068831325189&set=pb.100064662374992.-2207520000&type=3,747849764108967,الله ياربي حتى 27 وراه منقدرو نصبرو كثر راه بغيناها اليوم قبل غدا,2024-02-24 19:35:13,0
orange,photo.php?fbid=775068831325189&set=pb.100064662374992.-2207520000&type=3,1439952986933930,ريزو ضعيف بزاف,2024-02-24 23:15:59,0
orange,photo.php?fbid=775068831325189&set=pb.100064662374992.-2207520000&type=3,1780657719113679,اش الفرق بين اليوم و27 الدل,2024-02-24 10:33:53,3
orange,photo.php?fbid=775068831325189&set=pb.100064662374992.-2207520000&type=3,3622899181313952,ريزو ميت فكوو لينا المشكيل الفيديو كيبقا يتقطع ؟؟,2024-02-26 10:48:31,0
orange,photo.php?fbid=775068831325189&set=pb.100064662374992.-2207520000&type=3,694590945922151,اودي الى غير هاد الريزو الميت بالناقص,2024-02-24 10:02:29,0
orange,photo.php?fbid=775068831325189&set=pb.100064662374992.-2207520000&type=3,1564592594388747,واااا شفارااا,2024-02-24 14:36:21,2
orange,photo.php?fbid=775068831325189&set=pb.100064662374992.-2207520000&type=3,1445682286377997,ادمان ديال نجمة 6 مقودة على كوكا 💔💔,2024-02-26 14:20:44,0
orange,photo.php?fbid=775068831325189&set=pb.100064662374992.-2207520000&type=3,923220455935225,على سلامتنا بقالينا والو من  غير أورونج انا بعدا نحمد بيها ربي,2024-02-25 10:30:48,0
orange,photo.php?fbid=775068831325189&set=pb.100064662374992.-2207520000&type=3,7414784705246177,وشحال تسينا,2024-02-25 13:06:43,0
orange,photo.php?fbid=775068831325189&set=pb.100064662374992.-2207520000&type=3,693878869486204,لليوم الثالث عندي مشكل في adsl ولم يتم اصلاحه رغم اني اتصلت بالجميع,2024-02-26 10:03:55,0
orange,photo.php?fbid=775068831325189&set=pb.100064662374992.-2207520000&type=3,360910336845469,واش عرض نجمة 6 ارونح رجع ولا باقي,2024-02-27 06:28:21,0
orange,photo.php?fbid=775068831325189&set=pb.100064662374992.-2207520000&type=3,1431713580813748,"السلام عليكم، انا من زبناء شركتكم orange ومستهلك لخدمتكم، ومنذ ليلة البارحة الأحد 25 فبراير 2024 وكما العادة دائما تعطل وتقطع عندنا ريزو اورونج كايتحبس وكايرجع في كل دقائق بشكل متتالي (تغطية الشبكة لا مكالمات لا انترنيت) فمركز تامري (الطريق الوطنية رقم 1) جماعة تامري عمالة اكادير اداوتنان، نتمناو منكم تقيدو شكاية ديالي عندكم، كنطلب فيها المصلحة التقنية تاعكم تدخل باش إتحل المشكل فاسرع وقت.
كنخبركم بلي في حالة استمرار هاد العطب بشكل متكرر لي عيينا منو غانحبس الاشتراك معاكم لسوء الخدمة، تحياتي.",2024-02-26 12:54:47,1
orange,photo.php?fbid=775068831325189&set=pb.100064662374992.-2207520000&type=3,928426775162816,"هبة ارث احسن مشروع
دابا غير بالعقل : شكون حسن هبة الإرث اللي كتحكم فيها نتا ومافيهاش رئيس اللي غيجمع الحصيصة ويمشي .. نتا هو الرئيس ديال راسك ونتا لي كتحكم ففلوسك كتعطي هدية بإرادتك لواحد تاهو بحالك بحالو يعاون بيها راسو .. وتجيب جوج دناس تاهوما يديرو نفس الشيء وديرو مجموعة تاعونو بيناتكم ويجي الدور ديالك تاخد 2000 درهم ومن بعد ناس لي دخلو معاك تاهوما .. وكلشي مستافد بلا نصب بلا احتيال .. وتشدو بلاصتكم فجداول 8000 درهم و3 و 12 مليون ومتسجلوو تاواحد هنا .. 
ولا تمشي تحط فلوسك فمنصة نصابة وتبقا تسنا الرباح كل نهار ودخل معاك ناس يحطو رزقهم ويبقا المصير ديالك مجهول ومرهون بواحد العزي ولا صيني فأي لحظة يسد المنصة ويخليك على الضس وماتربح لا نتا ولا الناس لي تسجلو معاك 🥲
المعادلة واضحة من غير لاكان عندك حجرة بلاصت الدماغ 0631200767",2024-02-25 13:33:57,0
orange,photo.php?fbid=775068831325189&set=pb.100064662374992.-2207520000&type=3,796176542349719,الله يختي أورونج اش هاد لخيانة خنتينا🙂فين هيا *6 فين مشات,2024-02-25 23:32:25,0
orange,photo.php?fbid=775068831325189&set=pb.100064662374992.-2207520000&type=3,769959401716331,عوض ما تبقاو تشكاو قاطعو الزمر واحد الشهر وشوف لما تقادوش هادو تينفع معاهم غير الحكان,2024-02-28 09:46:52,0
orange,photo.php?fbid=775068831325189&set=pb.100064662374992.-2207520000&type=3,1114549336557184,السلام عليكم واش مع 12 دليل ديال اليوم,2024-02-26 12:30:41,0
orange,photo.php?fbid=775068831325189&set=pb.100064662374992.-2207520000&type=3,948753529636212,علا سلامتكم ملي رجعتوها,2024-02-24 22:21:06,0
orange,photo.php?fbid=775068831325189&set=pb.100064662374992.-2207520000&type=3,335086662842374,Orangee واش عرض 49 درهم الا فعلتو ضروري خصني نبقا نخلصو كل شهر ؟,2024-02-25 22:53:42,0
orange,photo.php?fbid=775068831325189&set=pb.100064662374992.-2207520000&type=3,1119945369134585,هدي خبار زوينة,2024-02-24 10:08:14,1
orange,photo.php?fbid=775068831325189&set=pb.100064662374992.-2207520000&type=3,1593469118083443,واش ريزو أرونج مزيان الخوت,2024-02-25 20:35:18,0
orange,photo.php?fbid=775068831325189&set=pb.100064662374992.-2207520000&type=3,1555076421952339,وش رجعت نجم 6ارنح👍,2024-02-27 15:23:08,0
orange,photo.php?fbid=775068831325189&set=pb.100064662374992.-2207520000&type=3,1049033706329313,الحمد لله,2024-02-24 10:09:40,0
orange,photo.php?fbid=775068831325189&set=pb.100064662374992.-2207520000&type=3,1594393378040197,واش العرض غيرجع اليوم ولا تال غدا,2024-02-26 10:06:15,0
orange,photo.php?fbid=775068831325189&set=pb.100064662374992.-2207520000&type=3,1609071859867693,سلام عليكم ورحمة الله وبركاته خويا بينا شي شبكة,2024-02-25 21:58:03,0
orange,photo.php?fbid=775068831325189&set=pb.100064662374992.-2207520000&type=3,1970332153360863,وش  كين العرض ديل 49دارهم,2024-02-24 20:28:38,0
orange,photo.php?fbid=775068831325189&set=pb.100064662374992.-2207520000&type=3,289669213908968,واخا ريزو ميت ماشي مشكل قابلين بكل فراح غير رجعوها عفاكم الله يعطيكم الحج فسعودية 🙂ههه,2024-02-24 16:12:03,0
orange,photo.php?fbid=775068831325189&set=pb.100064662374992.-2207520000&type=3,375504091916449,ولي دخلها فهاد الأيام لي ماكيناش شحال كتعطيوه,2024-02-25 23:57:59,0
orange,photo.php?fbid=775068831325189&set=pb.100064662374992.-2207520000&type=3,952323683183293,50 Méga fibre 🙃 pffffffffff,2024-02-24 21:12:09,1
orange,photo.php?fbid=775068831325189&set=pb.100064662374992.-2207520000&type=3,327508903129398,الله انعل ليكم الوالدين لا نتوما لا الريزوا ديالكم,2024-02-26 08:29:56,0
orange,photo.php?fbid=775068831325189&set=pb.100064662374992.-2207520000&type=3,779184777448965,واش كاين لعرض دابا,2024-02-26 23:29:07,0
orange,photo.php?fbid=775068831325189&set=pb.100064662374992.-2207520000&type=3,419317377288084,شكرا 💙🐟,2024-02-24 12:37:12,0
orange,photo.php?fbid=775068831325189&set=pb.100064662374992.-2207520000&type=3,398324122784549,واش كاينة دبا نجمة ستة,2024-02-26 15:03:43,0
orange,photo.php?fbid=775068831325189&set=pb.100064662374992.-2207520000&type=3,7655310937846283,واش نقدر ندير العرض معا 12 ديال ليل,2024-02-26 18:51:52,0
orange,photo.php?fbid=775068831325189&set=pb.100064662374992.-2207520000&type=3,774125217959992,الله يعطيكم كسيدة,2024-02-24 22:36:48,0
orange,photo.php?fbid=775068831325189&set=pb.100064662374992.-2207520000&type=3,392680143584759,هدية الجمعة هيا لي زينا فيكوم,2024-02-24 17:05:41,0
orange,photo.php?fbid=775068831325189&set=pb.100064662374992.-2207520000&type=3,773480984695073,توحشناها 😁🤣❤️,2024-02-24 15:19:01,0
orange,photo.php?fbid=775068831325189&set=pb.100064662374992.-2207520000&type=3,299827689777307,ناري قطعتو الحياة على بنات 2008  غينتاحرو 😂,2024-02-24 12:36:33,0
orange,photo.php?fbid=775068831325189&set=pb.100064662374992.-2207520000&type=3,7373418752709413,كاتافقو نتي و إنوي,2024-02-24 21:29:47,0
orange,photo.php?fbid=775068831325189&set=pb.100064662374992.-2207520000&type=3,768830445123976,اللھ يغبر ليكم شقف,2024-02-24 19:15:11,0
orange,photo.php?fbid=775068831325189&set=pb.100064662374992.-2207520000&type=3,273635642431119,تشحفتو نص فالعالام عاد رديتوها,2024-02-24 21:36:10,0
orange,photo.php?fbid=775068831325189&set=pb.100064662374992.-2207520000&type=3,1603736967105223,الله اجيبها علا خير,2024-02-24 16:43:02,1
orange,photo.php?fbid=775068831325189&set=pb.100064662374992.-2207520000&type=3,300338722710089,الله يعتيكم العداب درت فورفي معا تصلات تحشات ليك أخالتي ارونج,2024-02-24 22:53:53,0
orange,photo.php?fbid=775068831325189&set=pb.100064662374992.-2207520000&type=3,1045507056520291,27/2 وساعة ؟,2024-02-26 13:58:12,0
orange,photo.php?fbid=775068831325189&set=pb.100064662374992.-2207520000&type=3,3335311703432804,ركوم عيقتو طلقو داك *6,2024-02-25 12:20:26,0
orange,photo.php?fbid=775068831325189&set=pb.100064662374992.-2207520000&type=3,366452899488578,الا غادي تخلوها حتى ل 27 غي زيدوها فراسكم 🙄,2024-02-25 09:31:53,1
orange,photo.php?fbid=775068831325189&set=pb.100064662374992.-2207520000&type=3,1093148421729211,انعل بوكوم و بو  نجمة 6 تاعكم و ريزوكم,2024-02-24 18:27:23,0
orange,photo.php?fbid=775068831325189&set=pb.100064662374992.-2207520000&type=3,300369646054578,المرجو ربط حزام الأمان بغينا نجمة 6 توصل في أمان 🙂,2024-02-24 17:26:54,6
orange,photo.php?fbid=775068831325189&set=pb.100064662374992.-2207520000&type=3,371168422390755,علاش حنا ماعندناش ريزو ديال اورونج,2024-02-24 12:29:00,0
orange,photo.php?fbid=775068831325189&set=pb.100064662374992.-2207520000&type=3,415893377475841,او على سلامتكم,2024-02-24 11:43:27,0
orange,photo.php?fbid=775068831325189&set=pb.100064662374992.-2207520000&type=3,421059097156857,ما تقدروش تسبقوو ليها نهار زعما 🙂,2024-02-24 11:55:17,0
orange,photo.php?fbid=775068831325189&set=pb.100064662374992.-2207520000&type=3,772265721014508,👏👏👏💞💞💞😍😍😍😍😍الحمد لله على السلامه,2024-02-24 10:06:43,1
orange,photo.php?fbid=775068831325189&set=pb.100064662374992.-2207520000&type=3,282923884818953,شكرا,2024-02-24 22:49:30,0
orange,photo.php?fbid=775068831325189&set=pb.100064662374992.-2207520000&type=3,932301125231676,أحسن orange 🍊,2024-02-26 17:59:08,0
orange,photo.php?fbid=775068831325189&set=pb.100064662374992.-2207520000&type=3,772057218305559,يمتا غيرجع العرض *6,2024-02-25 17:50:46,0
orange,photo.php?fbid=775068831325189&set=pb.100064662374992.-2207520000&type=3,711053527680394,ريزو عندكم زيرو غندير إنوي مزيانة,2024-02-24 21:21:49,0
orange,photo.php?fbid=775068831325189&set=pb.100064662374992.-2207520000&type=3,1360147397978241,علي سلامة غبرتي علينا توحشناك ☺️😁,2024-02-26 08:43:29,0
orange,photo.php?fbid=775068831325189&set=pb.100064662374992.-2207520000&type=3,368009569425229,3laaa slamaa awdee😂,2024-02-24 22:28:12,0
orange,photo.php?fbid=775068831325189&set=pb.100064662374992.-2207520000&type=3,769852617970884,تم,2024-02-24 20:08:23,0
orange,photo.php?fbid=775068831325189&set=pb.100064662374992.-2207520000&type=3,1570552867045845,حتا قربنا نحماقو بزاف حشومة كاع 27 راه طولتو,2024-02-24 11:09:09,2
orange,photo.php?fbid=775068831325189&set=pb.100064662374992.-2207520000&type=3,1391488598404224,شكرا,2024-02-24 19:38:24,0
orange,photo.php?fbid=775068831325189&set=pb.100064662374992.-2207520000&type=3,782230500486289,الله يا ارونج الله تا خرجتي مني كتر من 30 درهم 😒,2024-02-24 23:03:50,1
orange,photo.php?fbid=775068831325189&set=pb.100064662374992.-2207520000&type=3,915702076917480,هاد المرة طولتي الغياب سيدتي,2024-02-24 18:38:31,0
orange,photo.php?fbid=775068831325189&set=pb.100064662374992.-2207520000&type=3,370373945858593,اخالتي ارونج راه بغينها حنا غدا مزال ولا اليوم مزال ونتي تكولي لينا 27 فشهر راه ف27 نقدار نكون حمقيت وشدا بلاصتي فسبيطار الحمق 🙂🥲,2024-02-24 18:11:59,11
orange,photo.php?fbid=775068831325189&set=pb.100064662374992.-2207520000&type=3,728522932739245,شكرا اخالتي اورنج 🙂,2024-02-24 17:27:21,1
orange,photo.php?fbid=775068831325189&set=pb.100064662374992.-2207520000&type=3,7203359333111300,وكيف لا نصبر على تليام وحنا صبرنا 15 يوم,2024-02-24 15:06:28,1
orange,photo.php?fbid=775068831325189&set=pb.100064662374992.-2207520000&type=3,242086198972460,انا عندي فورفي ديما نجمة 6 حاضرة الحمدالله,2024-02-25 08:27:59,0
orange,photo.php?fbid=775068831325189&set=pb.100064662374992.-2207520000&type=3,3571027466484500,حنا كنتسناو,2024-02-25 13:19:19,0
orange,photo.php?fbid=775068831325189&set=pb.100064662374992.-2207520000&type=3,3568474983466847,واش رجع العرض *6,2024-02-27 08:14:32,0
orange,photo.php?fbid=775068831325189&set=pb.100064662374992.-2207520000&type=3,717482687201082,على زينها والله انا بعدا لا باقي شارجيت ديال ارونج,2024-02-24 12:41:08,0
orange,photo.php?fbid=775068831325189&set=pb.100064662374992.-2207520000&type=3,1202535914059249,مرحبا بيه,2024-02-24 11:59:38,0
orange,photo.php?fbid=775068831325189&set=pb.100064662374992.-2207520000&type=3,1142393963782924,واش كاينة كارطة 30 درهم,2024-02-26 18:39:05,0
orange,photo.php?fbid=789968506501888&set=pb.100064662374992.-2207520000&type=3,2787547404716724,كونكسيو ميتة ولات عندكم,2024-03-20 12:57:54,2
orange,photo.php?fbid=789968506501888&set=pb.100064662374992.-2207520000&type=3,792477988875836,كاين عرض*6?,2024-03-20 13:01:48,1
orange,photo.php?fbid=789968506501888&set=pb.100064662374992.-2207520000&type=3,713900257586467,واش كاين لعرض*6 30درهم,2024-03-20 13:06:32,1
orange,photo.php?fbid=789968506501888&set=pb.100064662374992.-2207520000&type=3,1469581647296282,انا فقصتوني طلقولي الويفي,2024-03-20 13:29:34,1
orange,photo.php?fbid=789968506501888&set=pb.100064662374992.-2207520000&type=3,1458918994699496,سلام عليكم نتمنا إخبار الإدارة التقنية لأورنج بزيادة أعمدة الإتصال فى مركز مدينة  إيغرم  إقليم تارودانت(مجال حضرى) من أجل تغطية صبيب ملائم للساكنة وزبناء أورنج الذين يشتكون من ضعف صبيب أورنج فى منطقة مركز إيغرم إقليم تارودانت على عكس  الشركات الأخرى للإتصال  التى تتوفر على صبيب ملائم  وأتمنا النضر فى مطلبنا المشروع ولكم منا جزيل الشكر وفى إنتضار ردكم وشكرا,2024-03-20 13:32:45,2
orange,photo.php?fbid=789968506501888&set=pb.100064662374992.-2207520000&type=3,1807514553079781,واش مزال العرض في 25,2024-03-20 13:36:09,1
orange,photo.php?fbid=789968506501888&set=pb.100064662374992.-2207520000&type=3,306947405466317,را ديتو لينا لكوني لي شارجينا باطلا باش غنصيفطو ليه,2024-03-20 13:44:22,0
orange,photo.php?fbid=789968506501888&set=pb.100064662374992.-2207520000&type=3,3923909664520722,اكبر شركة شفارة 5 سنوات وانا داير معاهم ابونمو ب 100 درهم فلخر وقفو كرطة.ملي مشيت لجونس اورنج باش رجعها واحد خدام تماك قالي مايمكنش ترجعها وخا تخلص. بقيت كانضحك حيث عرفتو زرق. احسن شركة هي  inwi,2024-03-20 13:53:03,3
orange,photo.php?fbid=789968506501888&set=pb.100064662374992.-2207520000&type=3,2840512132753817,عفاكم مابغينا والو غير صايبو لينا ريزو ديالها حيت الاكثارييا ديال الناس كيفضلو اورنج على إينوي ولكن ريزو ديال اورنج والو مايييييييت,2024-03-20 14:12:55,0
orange,photo.php?fbid=789968506501888&set=pb.100064662374992.-2207520000&type=3,1082700249679458,"Orange darbox تقيل بزاااف
شوفو لينا الحل الله يخليكم",2024-03-20 14:28:07,1
orange,photo.php?fbid=789968506501888&set=pb.100064662374992.-2207520000&type=3,1251099525669210,واش كتواصلوا مع الزبائن ديالكم مكالمة باش تقتارحو عليهم العروض لي عندكم ؟ جاتني مكالمة من هاد الرقم بغيت نتأكد بلي ديالكم 0665195630,2024-03-20 14:41:55,0
orange,photo.php?fbid=789968506501888&set=pb.100064662374992.-2207520000&type=3,441760941605042,"النمرة ديالي مبقاتش تخدم الانترنيت 
وخا 4gطالعا والكنكسيو كاينه 5اشهر وهي هكا اشنو الحل ؟",2024-03-20 15:02:34,0
orange,photo.php?fbid=789968506501888&set=pb.100064662374992.-2207520000&type=3,839760814835965,انا داير *6 و مزال مغادي تسالي ليا و دابا طالعة 4g و الكونيكسيو مكايناش شنو المشكيلة؟,2024-03-20 15:18:54,0
orange,photo.php?fbid=789968506501888&set=pb.100064662374992.-2207520000&type=3,342120928830833,كاين العرض ديال 50 درهم *3 10 جيغا,2024-03-20 15:28:40,0
orange,photo.php?fbid=789968506501888&set=pb.100064662374992.-2207520000&type=3,432479899342293,واش كاين عرض نجمة 6,2024-03-20 15:30:45,0
orange,photo.php?fbid=789968506501888&set=pb.100064662374992.-2207520000&type=3,1179461003462716,سلام واش كاين عرض *6 جاوبوني,2024-03-20 15:38:28,0
orange,photo.php?fbid=789968506501888&set=pb.100064662374992.-2207520000&type=3,371368585797740,"Le service à Fès est nul. 
Contrat remis par l'agence depuis plus de 2 semaines sans que le service technique se déplace pour l'installation.",2024-03-20 15:50:35,1
orange,photo.php?fbid=789968506501888&set=pb.100064662374992.-2207520000&type=3,378117815089083,When will the 6 star offer come back? I am using it and it is not working. Is this how you deal with foreigners?,2024-03-20 16:40:55,0
orange,photo.php?fbid=789968506501888&set=pb.100064662374992.-2207520000&type=3,289860424147890,Orange سيمانة هادي دخلت بزاف روشارجات لنمرتي عن طريق تطبيق orange et moi  و ف الروشارج الخامسة مبغاتش دوز كيقولو ليا بلي متقدرش بالرغم ان الارقام صحيحة و منقدرش نشري اي حاجة ف التطبيق,2024-03-20 18:04:52,0
orange,photo.php?fbid=789968506501888&set=pb.100064662374992.-2207520000&type=3,3621810991481065,اشهاد ريزو تفو كرهتونا فهاد لمغريب غا بشتارا ديال والوو,2024-03-20 18:36:26,0
orange,photo.php?fbid=789968506501888&set=pb.100064662374992.-2207520000&type=3,1559727601538027,تقطع عندم ريزو عندكُم اليوم من 15:40 تال المغرب ههه جا  مع المغرب نيشان  كان صايم,2024-03-20 19:03:15,0
orange,photo.php?fbid=789968506501888&set=pb.100064662374992.-2207520000&type=3,1113452819696984,عرض نجمة 6 واش كاين دابا,2024-03-20 20:32:41,0
orange,photo.php?fbid=789968506501888&set=pb.100064662374992.-2207520000&type=3,1519327991970007,واش عندكوم شي مشكل في ريزو دبا شي 4يام تقطع علينا ريزو,2024-03-20 20:46:14,0
orange,photo.php?fbid=789968506501888&set=pb.100064662374992.-2207520000&type=3,768565568565914,واش كاينة *6,2024-03-20 20:54:27,0
orange,photo.php?fbid=789968506501888&set=pb.100064662374992.-2207520000&type=3,1153532092482765,Kanbri ndkhl recharj mabratch dkhl liya,2024-03-20 21:05:50,0
orange,photo.php?fbid=789968506501888&set=pb.100064662374992.-2207520000&type=3,803430921843211,واش كاين العرض د *6,2024-03-20 21:31:30,0
orange,photo.php?fbid=789968506501888&set=pb.100064662374992.-2207520000&type=3,1041321260748293,نمرو قطعوها ليوم كيفاش حتى رجعها؟,2024-03-20 21:49:32,0
orange,photo.php?fbid=789968506501888&set=pb.100064662374992.-2207520000&type=3,1157702042251933,كونكسيو تقيل,2024-03-20 21:57:20,0
orange,photo.php?fbid=789968506501888&set=pb.100064662374992.-2207520000&type=3,386323251016065,شنو عمل معاكم دابا خلصت ويفي من اورونج موني ومزال مطلقتولي انترنيت تنفصل بيهم واحد يديني لواحد شنو المعمول والتطبيق مبغاش يتفتح,2024-03-20 22:04:37,0
orange,photo.php?fbid=789968506501888&set=pb.100064662374992.-2207520000&type=3,977165987076072,Ana retour tahara9 mab9ach khadam ojabat retour jdid kifach radiii ncongurih bach ikhadam liya adsl orange,2024-03-20 22:29:11,0
orange,photo.php?fbid=789968506501888&set=pb.100064662374992.-2207520000&type=3,7321620844540334,شحال ديال الاعطاب عندكم,2024-03-20 22:55:40,0
orange,photo.php?fbid=789968506501888&set=pb.100064662374992.-2207520000&type=3,1568815423659031,السلام عليكم كاين عطب فالشراء بسمارت صولد,2024-03-20 23:02:55,0
orange,photo.php?fbid=789968506501888&set=pb.100064662374992.-2207520000&type=3,2118730315127327,واش مزال عرض نجمة 6,2024-03-20 23:08:10,0
orange,photo.php?fbid=789968506501888&set=pb.100064662374992.-2207520000&type=3,299176993187913,Khouya wache marat9adouche hade rizo khelasse rahe bezaf,2024-03-20 23:11:29,0
orange,photo.php?fbid=789968506501888&set=pb.100064662374992.-2207520000&type=3,1503292650249386,الريزو كيتقطع و كيرجع  ..أشنو السبب؟؟,2024-03-20 23:25:13,0
orange,photo.php?fbid=789968506501888&set=pb.100064662374992.-2207520000&type=3,7630385373678303,على بعدا الريل مزال كيتقرا بهاد الريزو 🤣,2024-03-20 23:58:49,1
orange,photo.php?fbid=789968506501888&set=pb.100064662374992.-2207520000&type=3,378505298333255,واش كاين عرض *6 ؟,2024-03-21 00:17:54,0
orange,photo.php?fbid=789968506501888&set=pb.100064662374992.-2207520000&type=3,451119034009646,كونيكسيو ثقيلة وخا داير الفورفي ديال  49 hd,2024-03-21 00:35:38,0
orange,photo.php?fbid=789968506501888&set=pb.100064662374992.-2207520000&type=3,937661458059804,سلا م واحد نمرة ديالي ارونج شحال مشغلتها شغلتها دب موقفا مطلعش لي ريزو إلى ممكن دجوبوني,2024-03-21 01:28:52,1
orange,photo.php?fbid=789968506501888&set=pb.100064662374992.-2207520000&type=3,1121284855564885,وا ميمكنش انا مخلص 50mbوصلاني غا 1mb,2024-03-21 02:23:35,1
orange,photo.php?fbid=789968506501888&set=pb.100064662374992.-2207520000&type=3,2637281693101168,مرضني ريزو ديالكم بزااااف والله عييت نخربق ف تليفوني كنقول ياك ما لمشكل غير عندي انا ساع لقيت ناس كتر مني ديرو حل راه حشوما كاع,2024-03-21 03:28:25,0
orange,photo.php?fbid=789968506501888&set=pb.100064662374992.-2207520000&type=3,1151970892889551,والله ماعندي العقل منين درت اورونج كنضيع 30 درهم *6 شهر كامل ومكندير بيها والو وريزو تقيل بزاف تاحاجا مكتبغي تخدم,2024-03-21 06:55:24,0
orange,photo.php?fbid=789968506501888&set=pb.100064662374992.-2207520000&type=3,376472508544818,سلام واش عرض النجمة سبعة متوفر حاليا؟,2024-03-21 08:28:08,0
orange,photo.php?fbid=789968506501888&set=pb.100064662374992.-2207520000&type=3,711493134392794,سلام شنو وقع الويفي هذ تقريبا سيمانة وهو مقطوع عيينا نعيطو,2024-03-21 09:57:44,0
orange,photo.php?fbid=789968506501888&set=pb.100064662374992.-2207520000&type=3,1434230983861532,Wach kayna 6*,2024-03-21 10:32:58,0
orange,photo.php?fbid=789968506501888&set=pb.100064662374992.-2207520000&type=3,1195467564773182,سلام عليكم 5دراهم  شحال فيها دقيقة نجمةواحد 3أيام ولا أسبوع وشكرا,2024-03-21 10:37:26,0
orange,photo.php?fbid=789968506501888&set=pb.100064662374992.-2207520000&type=3,1070000894225103,واحد الحاجه علاش الصبيب ضعيف بزاف مؤخرا قبل كانت *6 كتخدم مزيان والكونيكسيون مزيانة ايوا دابا فيديو صغير فالفايس وكنتفرجوا بالزز وعاد الشهر باقي فيه 10 أيام ويتسالا 🤬 وبلاما تقولي الريزو ما الريزو أنا ساكنة وسط المدينة.. حاجه اخرى عرض *6 كاين وايلا مكاينش فوقاش غيرجع؟,2024-03-21 11:02:49,0
orange,photo.php?fbid=789968506501888&set=pb.100064662374992.-2207520000&type=3,725860943054886,"الصبيب ضعيف بزاف *6 ماكانش عندي هاد المشكيل
كانتمنا تجاوب ني حيتاش راسلتكم فالخاص وماجوبتونيش",2024-03-21 14:51:33,0
orange,photo.php?fbid=789968506501888&set=pb.100064662374992.-2207520000&type=3,3332389173726565,Wash kayn 3ard *6 db ??,2024-03-21 20:09:42,0
orange,photo.php?fbid=789968506501888&set=pb.100064662374992.-2207520000&type=3,2043312636051217,Wach Kayna   6*  Orange 🙏,2024-03-21 21:05:03,0
orange,photo.php?fbid=789968506501888&set=pb.100064662374992.-2207520000&type=3,4339810016244198,السلامOrange كيفاش هدشي ديالكم شارجتي 49درهم شي تلاثة أيام هادي ومزال مطلقوا ليا الكنيكسيون,2024-03-21 21:12:46,0
orange,photo.php?fbid=789968506501888&set=pb.100064662374992.-2207520000&type=3,450917927361733,واش كاينة *6,2024-03-25 08:28:35,0
orange,photo.php?fbid=789968506501888&set=pb.100064662374992.-2207520000&type=3,814865423817976,السلام عليكم علاش الريزو ضعيف جدا والكونكسيو حتى هي,2024-03-25 09:52:22,0
orange,photo.php?fbid=789968506501888&set=pb.100064662374992.-2207520000&type=3,426410306812285,Bghit wifi ldar,2024-03-31 18:52:19,0
orange,photo.php?fbid=789968506501888&set=pb.100064662374992.-2207520000&type=3,1592977618201716,",واش كين العرض*6",2024-03-22 20:03:33,0
orange,photo.php?fbid=789968506501888&set=pb.100064662374992.-2207520000&type=3,328120603575378,"جميلكم الاشهارات 
تكدبوا على الناس ADSL يوصل 20 mega الا وصل 10 في الشهر الاول من بعد ميجا و لا نص ميجا  ولا يتقطع نهائيا و منين تتصل يخسر عليك سير حدا الروتور ديالك و يقولك شمن بولا  شاعلا  و شمن لون  مكتمركوش نهائيا ... بلا متزرفوا غير كيكدبوا",2024-03-22 05:06:58,0
orange,photo.php?fbid=789968506501888&set=pb.100064662374992.-2207520000&type=3,1499358351005821,سلام الخوت :4gطالع و الرزو مكينش تيكولو صفط ليا نمرة ؤالكنية ؤالاسم ،هدشي صفطناه والو .المشكل من عنهم ،لان كااااااع الناس أورونج معندهمش الروز مزيان . عيطنا كاع الشركة والو وحد اصفطك الاخر .,2024-03-22 01:06:47,0
orange,photo.php?fbid=789968506501888&set=pb.100064662374992.-2207520000&type=3,420986473663911,بغيت رقم شكايات  توقف لي رقم ديالي بدون  سابق انذار ورقم ديالي هو باش نقدر نخدم تلفون وفي اخير قالو ليا منقدرش نرجعه ليك  داب تلفوني 3 ايام ماخدمتو  بغيت حل نرجع نمره وعلى 100درهم يوقفه لي بمره,2024-03-21 13:57:45,0
orange,photo.php?fbid=789968506501888&set=pb.100064662374992.-2207520000&type=3,1551392892383731,اب,2024-03-20 20:44:25,0
orange,photo.php?fbid=789968506501888&set=pb.100064662374992.-2207520000&type=3,1171309700703079,نهرهاش لعبة المغرب,2024-03-20 13:04:37,0
orange,photo.php?fbid=789968506501888&set=pb.100064662374992.-2207520000&type=3,328461246898486,الاول 😍🇲🇦,2024-03-20 12:53:44,0
orange,photo.php?fbid=789968506501888&set=pb.100064662374992.-2207520000&type=3,1057502485339177,Ayy Øub Abdelkarim Taghzaoui,2024-03-20 13:47:04,1
orange,photo.php?fbid=789968506501888&set=pb.100064662374992.-2207520000&type=3,7174713322596410,ماباقيش نتيق ندير روشارج فاورونج شفارا,2024-03-21 00:11:36,0
orange,photo.php?fbid=789968506501888&set=pb.100064662374992.-2207520000&type=3,1214117673332965,دعواتكم وانتم صائمون لا ترد... اللهم أمين,2024-03-20 18:40:03,1
orange,photo.php?fbid=789968506501888&set=pb.100064662374992.-2207520000&type=3,366866722993713,شفرتوليا 30درهم نجمة6,2024-03-21 00:09:41,0
orange,photo.php?fbid=789968506501888&set=pb.100064662374992.-2207520000&type=3,783729983195565,🤣🤣,2024-03-21 05:29:59,0
orange,photo.php?fbid=789968506501888&set=pb.100064662374992.-2207520000&type=3,1719051742251155,سلام عليكم شنو راقم التواصل معاكوم كندير 121 غير لمجب الألي,2024-03-22 12:50:17,0
orange,photo.php?fbid=789968506501888&set=pb.100064662374992.-2207520000&type=3,1186011269488943,Rochraj,2024-03-21 23:28:55,0
orange,photo.php?fbid=789968506501888&set=pb.100064662374992.-2207520000&type=3,3155142144616288,سيرفيس عندكم ديال لخرا كتر من عام ونص كنراسلكم كتجاوبو غير فالكومنت كتوقولو راسلنا فالخاص ومكتجاوبوش . سيرو تقاودو تصحابونا كنسعاوكم ولا شنو 😡😡😡😡😡,2024-03-21 11:29:00,0
orange,photo.php?fbid=789968506501888&set=pb.100064662374992.-2207520000&type=3,1554662745267380,"chfara had wladd nass, service client dial zbel nass ma ki3arfo ta yt3amlo m3a kliane wayakom mane Orange chefara wlad l9hab",2024-03-20 16:18:07,0
orange,photo.php?fbid=789968506501888&set=pb.100064662374992.-2207520000&type=3,424215133424679,Khalti orange ghiriha llah ihfdak,2024-03-20 12:53:11,0
inwi,photo.php?fbid=960225396152270&set=pb.100064944541507.-2207520000&type=3,2622417104610813,ماريزو ماوالو غير ديتو شنعا,2024-12-05 22:36:31,0
inwi,photo.php?fbid=960225396152270&set=pb.100064944541507.-2207520000&type=3,1930847417423756,Wax kayn l3ard,2024-12-11 19:38:02,0
inwi,photo.php?fbid=960225396152270&set=pb.100064944541507.-2207520000&type=3,1090912129198694,مزال العرض ولا حيدوه😑,2024-12-07 22:59:42,0
inwi,photo.php?fbid=960225396152270&set=pb.100064944541507.-2207520000&type=3,1165076788373736,واش سالة العرض,2024-12-07 12:58:48,0
inwi,photo.php?fbid=960225396152270&set=pb.100064944541507.-2207520000&type=3,1220274869072919,كيفاش نعرف شحال باقي لي فنجمة*6,2024-12-06 17:37:23,1
inwi,photo.php?fbid=960225396152270&set=pb.100064944541507.-2207520000&type=3,582061751214018,واش مزال العرض,2024-12-06 17:23:23,1
inwi,photo.php?fbid=960225396152270&set=pb.100064944541507.-2207520000&type=3,2450291531999222,ريزو عندكم خاري,2024-12-06 16:54:01,0
inwi,photo.php?fbid=960225396152270&set=pb.100064944541507.-2207520000&type=3,1345282346640552,واش مزال العرض حاليا,2024-12-06 15:48:03,0
inwi,photo.php?fbid=960225396152270&set=pb.100064944541507.-2207520000&type=3,604332588606096,الريزو ديالكم فحال دابة الحلزون فوق حجارة ازيدينها. كل مرة كتحيدو العرض 😏  قاليك أتمشي فرحلة فضاء مشيا بلا رجعة 😤😤😤😤,2024-12-06 05:50:52,0
inwi,photo.php?fbid=960225396152270&set=pb.100064944541507.-2207520000&type=3,2273414703025746,الريزو  مزيان ما كاين فيه اتخربيق,2024-12-06 02:53:25,0
inwi,photo.php?fbid=960225396152270&set=pb.100064944541507.-2207520000&type=3,1120156889772156,بصفتي رئيس جمعية الحازقين والحازقات، نطالبكم بإصلاح الريزو,2024-12-05 22:23:55,1
inwi,photo.php?fbid=960225396152270&set=pb.100064944541507.-2207520000&type=3,3948071098741766,أصلا مخدامش الريزو كنديرو 30درهم غير كنلوحوها وصافي بليل لكتگلس ناس كتكونيكطا شوية وتخدم على راسها ريزو كيمشي نهائيا,2024-12-05 22:22:38,0
inwi,photo.php?fbid=960225396152270&set=pb.100064944541507.-2207520000&type=3,622212883562181,عندكم الشبكة ضعيفة جدا,2024-12-05 22:22:19,0
inwi,photo.php?fbid=960225396152270&set=pb.100064944541507.-2207520000&type=3,1747097536091153,غير يمشي ههههههه  علي ريزو مكاد عدكم,2024-12-05 22:04:01,1
inwi,photo.php?fbid=960225396152270&set=pb.100064944541507.-2207520000&type=3,1275991943718568,ريزو نتاعكم ميفوتش الدار عقدتوني في الحياة 😂😂,2024-12-05 21:59:41,0
inwi,photo.php?fbid=960225396152270&set=pb.100064944541507.-2207520000&type=3,585765830504629,قادو ريزوو,2024-12-05 21:50:02,0
inwi,photo.php?fbid=960225396152270&set=pb.100064944541507.-2207520000&type=3,593791373043001,حالتها حاله عندكم هاد كنيكسيو,2024-12-05 21:46:54,0
inwi,photo.php?fbid=960225396152270&set=pb.100064944541507.-2207520000&type=3,411174268625975,ريزو   تقيل,2024-12-05 21:42:16,0
inwi,photo.php?fbid=960225396152270&set=pb.100064944541507.-2207520000&type=3,876744448000300,إنوي عياااانة الريزو 0 ميت....,2024-12-05 21:41:28,0
inwi,photo.php?fbid=960225396152270&set=pb.100064944541507.-2207520000&type=3,1751576302362589,غير يمشي على ريزو لي عندك,2024-12-05 21:15:07,0
inwi,photo.php?fbid=960225396152270&set=pb.100064944541507.-2207520000&type=3,1140137824351553,على الزين د الريزو اللي عندكم,2024-12-05 21:10:34,1
inwi,photo.php?fbid=960225396152270&set=pb.100064944541507.-2207520000&type=3,893661476277268,ريزو عندكم حابس ضحكة ولا الحزقة,2024-12-05 21:10:09,0
inwi,photo.php?fbid=960225396152270&set=pb.100064944541507.-2207520000&type=3,592305700116773,فين هو الريزو بعدا,2024-12-05 21:06:43,0
inwi,photo.php?fbid=960225396152270&set=pb.100064944541507.-2207520000&type=3,1248097926457847,قادو الريزو راه ميت المغرب كامل كيتشكى,2024-12-05 20:23:04,42
inwi,photo.php?fbid=960225396152270&set=pb.100064944541507.-2207520000&type=3,931289421799430,الاسف رزو والو كتشرجي كلحو ليك مزال لواضع الاساسي اللاسف,2024-12-05 20:10:28,1
inwi,photo.php?fbid=960225396152270&set=pb.100064944541507.-2207520000&type=3,558970496988296,فوقاش ترجع,2024-12-05 19:42:45,2
inwi,photo.php?fbid=960225396152270&set=pb.100064944541507.-2207520000&type=3,579852037785410,ايمتا غادي ترجع,2024-12-05 18:24:08,0
inwi,photo.php?fbid=960225396152270&set=pb.100064944541507.-2207520000&type=3,499157313157386,وااااريزووووو اعباد لله🤷,2024-12-05 17:17:21,2
inwi,photo.php?fbid=960225396152270&set=pb.100064944541507.-2207520000&type=3,571587748940493,اكفس ريزو,2024-12-05 16:54:29,0
inwi,photo.php?fbid=960225396152270&set=pb.100064944541507.-2207520000&type=3,480524094546322,فوقاش غادي يرجع,2024-12-05 16:47:03,0
inwi,photo.php?fbid=960225396152270&set=pb.100064944541507.-2207520000&type=3,879729510814152,على زين ريزو عندكم متتحشموش,2024-12-05 16:43:19,3
inwi,photo.php?fbid=960225396152270&set=pb.100064944541507.-2207520000&type=3,503620262691836,واش كاين عرض انوي ليوم,2024-12-05 16:40:04,2
inwi,photo.php?fbid=960225396152270&set=pb.100064944541507.-2207520000&type=3,897123682400407,فقاش يرجعوها,2024-12-05 16:35:53,1
inwi,photo.php?fbid=960225396152270&set=pb.100064944541507.-2207520000&type=3,1467882587217340,واش باقي العرض *6,2024-12-05 14:17:59,1
inwi,photo.php?fbid=960225396152270&set=pb.100064944541507.-2207520000&type=3,469494275747572,معاش غيمشي لعرض واش مع 12 ليلا,2024-12-05 11:57:36,1
inwi,photo.php?fbid=960225396152270&set=pb.100064944541507.-2207520000&type=3,1360334798681536,معاش غدي يسالي العرض,2024-12-05 11:52:54,0
inwi,photo.php?fbid=960225396152270&set=pb.100064944541507.-2207520000&type=3,451242571076416,معاش تتبشي وقت,2024-12-05 11:47:56,0
inwi,photo.php?fbid=960225396152270&set=pb.100064944541507.-2207520000&type=3,473848369072134,دبا الخوت انا مزال ليا واحد 4 ايام باش تسالي ليا *6 واش وخا ندير وحدة أخرى اليوم؟,2024-12-05 11:28:17,3
inwi,photo.php?fbid=960225396152270&set=pb.100064944541507.-2207520000&type=3,1285658709362153,سلام واش مزال العرض *6 اليوم باش نشرجي,2024-12-05 11:09:58,2
inwi,photo.php?fbid=960225396152270&set=pb.100064944541507.-2207520000&type=3,1616447238986279,بغيت نعرف علاش كتبقا عشرة ايام باش اسالي ليا لعرض الكونيكسيون كتكون ضعيفة بزاف انا يالله كنستافد فداك لعرض غير عشرين يوم عشريام متكون فيها ميتا,2024-12-05 10:54:33,71
inwi,photo.php?fbid=960225396152270&set=pb.100064944541507.-2207520000&type=3,879599391046207,قادو الريزو بعدا,2024-12-05 10:45:21,11
inwi,photo.php?fbid=960225396152270&set=pb.100064944541507.-2207520000&type=3,1105837190897408,صلحو لنا الريزو 3شهر دبا حنا كنعانو من هد المشكيل,2024-12-05 10:08:08,46
inwi,photo.php?fbid=960225396152270&set=pb.100064944541507.-2207520000&type=3,550583717854390,الله يحفظك معاش غتسالي واش حتى 12ليل,2024-12-05 09:53:23,4
inwi,photo.php?fbid=960225396152270&set=pb.100064944541507.-2207520000&type=3,872624414718974,شكرا لكم جميعا,2024-12-05 09:26:56,3
inwi,photo.php?fbid=960225396152270&set=pb.100064944541507.-2207520000&type=3,3770458143283733,فعلا مع هدا الريزو ديالكم كتفوت الفضاء,2024-12-05 09:24:43,107
inwi,photo.php?fbid=960225396152270&set=pb.100064944541507.-2207520000&type=3,2847774542050215,واش حتى ريزو مشا الفضاء ،؟،،,2024-12-05 09:11:56,12
inwi,photo.php?fbid=960225396152270&set=pb.100064944541507.-2207520000&type=3,9482051538473469,فوقاش يتسلا العرض,2024-12-05 09:05:50,2
inwi,photo.php?fbid=960225396152270&set=pb.100064944541507.-2207520000&type=3,2000786610437435,نجمة 6 كل شهر كتنقصو منها صبيب,2024-12-05 09:03:11,4
inwi,photo.php?fbid=960225396152270&set=pb.100064944541507.-2207520000&type=3,1744815209426310,واش اليوم باقي كاينة,2024-12-05 09:01:18,0
inwi,photo.php?fbid=960225396152270&set=pb.100064944541507.-2207520000&type=3,911885450922865,وحتىيكون عندكم ريزو بعدا فالارض دك ساعة تمشي للفضاء 😂😂,2024-12-05 21:52:53,1
inwi,photo.php?fbid=960225396152270&set=pb.100064944541507.-2207520000&type=3,1710653149721810,كاين عطب فريزو تاعكم وحتى فراوتر وماشي غير عندكم فجميع شبكات الوطنية,2024-12-05 16:49:38,2
inwi,photo.php?fbid=960225396152270&set=pb.100064944541507.-2207520000&type=3,568749979350047,سلام عليكم اليوم كاين مشكل في الريزو,2024-12-05 23:06:39,0
inwi,photo.php?fbid=960225396152270&set=pb.100064944541507.-2207520000&type=3,3759402880941677,راه ريزوا ميت بزاااف ديروا لينا بعدا ريزوا باش مستفدوا من العرض,2024-12-05 22:37:04,0
inwi,photo.php?fbid=960225396152270&set=pb.100064944541507.-2207520000&type=3,1029210899218350,ايلا مشات غترجع,2024-12-05 21:41:17,0
inwi,photo.php?fbid=960225396152270&set=pb.100064944541507.-2207520000&type=3,1297613531244605,وسخاوة عندكم هي ديال ريزو شافرين لويفي من موريطانيا,2024-12-05 21:52:48,0
inwi,photo.php?fbid=960225396152270&set=pb.100064944541507.-2207520000&type=3,567890962654030,عدلو لين الريزو منهار عبئة وانا كخور في التليفون,2024-12-05 22:35:38,0
inwi,photo.php?fbid=960225396152270&set=pb.100064944541507.-2207520000&type=3,2074358672980984,السلام واش كاين العرض اليوم او تسلا,2024-12-07 22:01:30,0
inwi,photo.php?fbid=960225396152270&set=pb.100064944541507.-2207520000&type=3,1247306779829983,شمن سروخ ريزو تقيل بحال حلازون🤣🤣🤣🤣🤣🤣,2024-12-05 22:16:17,0
inwi,photo.php?fbid=960225396152270&set=pb.100064944541507.-2207520000&type=3,1217534182645753,الريزو والو,2024-12-05 22:33:29,0
inwi,photo.php?fbid=960225396152270&set=pb.100064944541507.-2207520000&type=3,1222582612154300,Slm wach kayn l3ard *6,2024-12-05 16:36:58,3
inwi,photo.php?fbid=960225396152270&set=pb.100064944541507.-2207520000&type=3,924777716270583,الريزو عندكم زيرو,2024-12-05 16:44:55,1
inwi,photo.php?fbid=960225396152270&set=pb.100064944541507.-2207520000&type=3,9846150175401199,Wach kin la3rd *6,2024-12-06 16:23:11,0
inwi,photo.php?fbid=960225396152270&set=pb.100064944541507.-2207520000&type=3,28173476948909889,الريزو د الله يحسن العون,2024-12-05 09:15:17,3
inwi,photo.php?fbid=960225396152270&set=pb.100064944541507.-2207520000&type=3,2930128337143959,قاديتو الريزو فالأرض بقا ليكم عالفضاء,2024-12-05 21:29:29,0
inwi,photo.php?fbid=960225396152270&set=pb.100064944541507.-2207520000&type=3,475012088941450,كونيكسيو عندكوم ولا بحال 🐢👉🚶‍♂️,2024-12-05 22:20:21,0
inwi,photo.php?fbid=960225396152270&set=pb.100064944541507.-2207520000&type=3,536861935833413,ريزو ديلكم مات,2024-12-05 16:39:56,0
inwi,photo.php?fbid=960225396152270&set=pb.100064944541507.-2207520000&type=3,1228854541526042,امتا اخر اجل العرض نجمة سادسة,2024-12-05 12:16:44,6
inwi,photo.php?fbid=960225396152270&set=pb.100064944541507.-2207520000&type=3,1126072742195636,مخدامش ليا ريزو إنوي,2024-12-05 21:16:05,0
inwi,photo.php?fbid=960225396152270&set=pb.100064944541507.-2207520000&type=3,1083249473124298,اودي قادو غير الريزو اشمن الفضاء,2024-12-05 22:18:31,0
inwi,photo.php?fbid=960225396152270&set=pb.100064944541507.-2207520000&type=3,1265890731119583,الريزو عندكم زيرو مشية بلا رجعة,2024-12-06 14:35:54,0
inwi,photo.php?fbid=960225396152270&set=pb.100064944541507.-2207520000&type=3,1514597373264027,لا كونكسيون لا ريزو خليكم غير فى الارض,2024-12-05 21:27:42,0
inwi,photo.php?fbid=960225396152270&set=pb.100064944541507.-2207520000&type=3,1738998846921465,واااا ريزو أعيباد الله 😫,2024-12-05 21:55:37,1
inwi,photo.php?fbid=960225396152270&set=pb.100064944541507.-2207520000&type=3,2371767859838373,الريزو كيتشكاو منو الناس,2024-12-05 22:36:31,0
inwi,photo.php?fbid=960225396152270&set=pb.100064944541507.-2207520000&type=3,1647772969140298,كادو ريزو رآه ميت,2024-12-05 21:29:57,0
inwi,photo.php?fbid=960225396152270&set=pb.100064944541507.-2207520000&type=3,595908416210721,Imta irj3 l3rd,2024-12-07 13:17:19,0
inwi,photo.php?fbid=960225396152270&set=pb.100064944541507.-2207520000&type=3,1480032375960691,مؤخرا ريزو وقليل بزاف,2024-12-05 22:39:14,0
inwi,photo.php?fbid=960225396152270&set=pb.100064944541507.-2207520000&type=3,2949215325246822,رجعو غي ريزو بعدا هاالعار 🙂,2024-12-05 22:14:20,0
inwi,photo.php?fbid=960225396152270&set=pb.100064944541507.-2207520000&type=3,1297804734688819,بصراحة والله الى نفعنا هاد العرض بزاف,2024-12-05 17:05:31,4
inwi,photo.php?fbid=960225396152270&set=pb.100064944541507.-2207520000&type=3,442079905611899,الا مؤمنين ديال بصح صدق علينا هد الشهر 🤣🤣🙄🙄,2024-12-05 09:20:05,3
inwi,photo.php?fbid=960225396152270&set=pb.100064944541507.-2207520000&type=3,3950534651889261,واش لدرتو على الشهر قبل ميسالي ممكن شي واحد يجوابنا الله الوالدين,2024-12-05 10:27:13,0
inwi,photo.php?fbid=960225396152270&set=pb.100064944541507.-2207520000&type=3,1128102805346515,"ولنَا في كل جمعة ثلاث رحمات :
- الصلاة على النبي .
- وسورة الكهف .
- وكنز ينتظرُنا قبل المغيب""دعوة مستجابة."" 
قال النبي ﷺ: 
( أكثروا من الصلاة عليّ ليلة الجمعة و يوم الجمعة فإن صلاتكم معروضة عليّ ). •
صلِ على النبي ﷺ 🤍.",2024-12-06 07:25:01,0
inwi,photo.php?fbid=960225396152270&set=pb.100064944541507.-2207520000&type=3,1097444125384763,قادو لينا ريزو كتعصبو الواحد,2024-12-05 14:09:37,1
inwi,photo.php?fbid=960225396152270&set=pb.100064944541507.-2207520000&type=3,600693732649076,ريزو 0000,2024-12-06 14:50:31,0
inwi,photo.php?fbid=960225396152270&set=pb.100064944541507.-2207520000&type=3,1411513436493404,واش العرض باقي اليوم,2024-12-05 18:40:05,0
inwi,photo.php?fbid=960225396152270&set=pb.100064944541507.-2207520000&type=3,564393906357589,نواحي قلعة السراغنة مكاينش ريزو غيضلع الفضاء بلا رجعة,2024-12-05 22:05:58,0
inwi,photo.php?fbid=960225396152270&set=pb.100064944541507.-2207520000&type=3,2512015849008520,عندكم الريزو في الأرض بعدا  بقاليكم غير الفضاء  ؟؟,2024-12-05 20:15:56,0
inwi,photo.php?fbid=960225396152270&set=pb.100064944541507.-2207520000&type=3,540391505650978,واش مزال يمكن لي نعبأ دبا ؟؟,2024-12-05 15:00:43,1
inwi,photo.php?fbid=960225396152270&set=pb.100064944541507.-2207520000&type=3,1821555385047453,واش مزال العرض *6 ولا تسالا هذ النهار، الله يجازيكم بخير شي واحد يجاوب,2024-12-06 19:38:52,0
inwi,photo.php?fbid=960225396152270&set=pb.100064944541507.-2207520000&type=3,1176023967437605,"انا والله العظيم عاد درتها والريزو كتااار من ميت ..والكومنطيرات فيسبوك وما كيطلعوش كيتعطلو بزاااف 
اما نتفرج فالفيديوات اصبح عندي حلم 
حشومة هادشي قادو لينا الريزو",2024-12-05 18:51:11,0
inwi,photo.php?fbid=960225396152270&set=pb.100064944541507.-2207520000&type=3,1296363054651752,فوقاش غترجع,2024-12-05 19:16:32,0
inwi,photo.php?fbid=960225396152270&set=pb.100064944541507.-2207520000&type=3,921267526627358,كون غير كان ريزو حتااا هو طيارة بحال سخاوة 😒😒,2024-12-05 16:21:14,1
inwi,photo.php?fbid=960225396152270&set=pb.100064944541507.-2207520000&type=3,583781594148651,شحال تقريبا باش غترجع,2024-12-05 13:07:12,0
inwi,photo.php?fbid=960225396152270&set=pb.100064944541507.-2207520000&type=3,1397267037903188,واش اليوم  مع 00h00 غادي تسالا ؟؟؟,2024-12-05 18:39:41,0
inwi,photo.php?fbid=960225396152270&set=pb.100064944541507.-2207520000&type=3,3642493545973023,"فينهوا الريزو بعدا 
كيمشو الفلوس غا هكاك",2024-12-05 10:56:40,0
inwi,photo.php?fbid=960225396152270&set=pb.100064944541507.-2207520000&type=3,1963657497477139,خرجتو على العيلات بهاد *6 مبقاوش كاع باغين اطيبو الماكلة ديال الدار الله اطيب ليكم الموخ,2024-12-05 18:30:58,1
inwi,photo.php?fbid=960225396152270&set=pb.100064944541507.-2207520000&type=3,1864203660778267,شرجت اليوم 2تعبءت امشاو,2024-12-05 18:10:14,0
inwi,photo.php?fbid=960225396152270&set=pb.100064944541507.-2207520000&type=3,1546817739296129,وقتاش غترجعو نجمة 6,2024-12-10 18:53:37,0
inwi,photo.php?fbid=960225396152270&set=pb.100064944541507.-2207520000&type=3,1139926377740174,واش باقي العرض,2024-12-05 19:03:25,0
inwi,photo.php?fbid=960225396152270&set=pb.100064944541507.-2207520000&type=3,1273121730560552,واش   العرض     اايساللئ     االيوم     مش    30   دجنبر     ،؟؟،,2024-12-05 09:49:42,0
inwi,photo.php?fbid=960225396152270&set=pb.100064944541507.-2207520000&type=3,931982051744316,ختي انوي  باش قصرنا معك  علاش ريزو ديالكم  حلزون واقيلا  غا نحيدها وندير تصلات ولا ارونج,2024-12-05 19:22:21,0
inwi,photo.php?fbid=960225396152270&set=pb.100064944541507.-2207520000&type=3,508782102201317,على زين الريزو عندكم,2024-12-05 17:57:05,0
inwi,photo.php?fbid=960225396152270&set=pb.100064944541507.-2207520000&type=3,880735594049150,رجعو ليا واحد النمرة راكم ديتوها الله يغصبكم,2024-12-05 20:43:10,0
inwi,photo.php?fbid=960225396152270&set=pb.100064944541507.-2207520000&type=3,1480296519316364,أما العرض 30درهم ديال أرونج واش باقي,2024-12-05 22:26:21,0
inwi,photo.php?fbid=960225396152270&set=pb.100064944541507.-2207520000&type=3,2029098747524922,طريق السلامة وان شاء الله ترجع لنا بالسلامة وماتعطل علينا,2024-12-05 14:44:42,2
inwi,photo.php?fbid=960225396152270&set=pb.100064944541507.-2207520000&type=3,1128446142622052,اينوي كنخبركم بلي الريزو عندنا هنا فمنطقة جماعة الزاويت اقليم الصويرة ناقص وكنطلبو تاخدو المشكل بعين الاعتبار وديرو شي حل خصوصا *6 *3 شوية كتشد ولكن دغيا كتسالا,2024-12-09 20:13:14,0
inwi,photo.php?fbid=960225396152270&set=pb.100064944541507.-2207520000&type=3,562850736510428,واش باقي لعرض,2024-12-05 20:35:50,0
inwi,photo.php?fbid=960225396152270&set=pb.100064944541507.-2207520000&type=3,2051387295366728,واش كاين العرض INWI,2024-12-05 19:05:43,0
inwi,photo.php?fbid=960225396152270&set=pb.100064944541507.-2207520000&type=3,575684471536237,سيرو الله يعطيكم الحبس,2024-12-05 21:53:20,0
inwi,photo.php?fbid=960225396152270&set=pb.100064944541507.-2207520000&type=3,1024309709499587,وامتا غاذي يرجع بالسلامة والعافية,2024-12-05 19:18:11,0
inwi,photo.php?fbid=960225396152270&set=pb.100064944541507.-2207520000&type=3,932753905059775,درنا العرض ولكن كونيكسيون زيرو تقيلة بزاف انا كتخدم ليا غير صباح صافي ومشات لفضاء وتفوتو لهيه,2024-12-05 19:45:58,0
inwi,photo.php?fbid=960225396152270&set=pb.100064944541507.-2207520000&type=3,947072857330913,واش باقي,2024-12-05 18:23:06,0
inwi,photo.php?fbid=960225396152270&set=pb.100064944541507.-2207520000&type=3,612763584516519,البنات واش كاين العرض ديال نجمة 6,2024-12-05 17:52:40,0
inwi,photo.php?fbid=960225396152270&set=pb.100064944541507.-2207520000&type=3,556982530556295,ريزو عند ناس لبادية منعدم شي تطور الله يخليكم لاعياد كدوز كحلة,2024-12-05 20:29:50,0
inwi,photo.php?fbid=960225396152270&set=pb.100064944541507.-2207520000&type=3,1247929129767138,فقاش غترجع 6* ديال شهر,2024-12-06 12:41:04,0
inwi,photo.php?fbid=960225396152270&set=pb.100064944541507.-2207520000&type=3,482721041595730,حنا ريزو اما حنا غنحيدو انو مصلحا ولو مزال ريزو ميت,2024-12-05 20:47:44,0
inwi,photo.php?fbid=960225396152270&set=pb.100064944541507.-2207520000&type=3,1733430594146271,وقتاش غترجعو نجمة 6,2024-12-07 12:06:55,0
inwi,photo.php?fbid=960225396152270&set=pb.100064944541507.-2207520000&type=3,583893300790200,وقتاش غادي ترجع,2024-12-05 18:08:56,0
inwi,photo.php?fbid=960225396152270&set=pb.100064944541507.-2207520000&type=3,1075744341014195,يا الهي سترحل ونبقى بالزيرو 😭,2024-12-05 21:55:59,0
inwi,photo.php?fbid=960225396152270&set=pb.100064944541507.-2207520000&type=3,1814022049514626,غير قطعوها نيت رزو ميت حسن نشوف ما احسن,2024-12-05 19:05:33,0
inwi,photo.php?fbid=960225396152270&set=pb.100064944541507.-2207520000&type=3,470938892267310,واش مزال العرض خفت نشارجي وميكونش,2024-12-05 13:27:57,0
inwi,photo.php?fbid=960225396152270&set=pb.100064944541507.-2207520000&type=3,1101386358202378,واش حتى أورونج,2024-12-05 17:19:17,0
inwi,photo.php?fbid=960225396152270&set=pb.100064944541507.-2207520000&type=3,2724250564402665,الريزو تقيل,2024-12-05 20:34:50,0
inwi,photo.php?fbid=960225396152270&set=pb.100064944541507.-2207520000&type=3,469889905715218,واش إلي شارجيت 50 درهم فيها كونيكسيون وكلمات واش بحال إلمتي ولا لا,2024-12-05 17:00:32,0
inwi,photo.php?fbid=960225396152270&set=pb.100064944541507.-2207520000&type=3,1295639664794810,حشومة عليكم والله ما نسمح ليكم ياله درت الشهر وبلوكيتو ليا كارطة,2024-12-05 11:08:10,0
inwi,photo.php?fbid=960225396152270&set=pb.100064944541507.-2207520000&type=3,28104083472538375,امتى غترجع,2024-12-05 18:31:30,0
inwi,photo.php?fbid=960225396152270&set=pb.100064944541507.-2207520000&type=3,1331928134639805,الريزو تاعكم مجرد إشاعة,2024-12-05 09:21:35,1
inwi,photo.php?fbid=960225396152270&set=pb.100064944541507.-2207520000&type=3,1157503582404210,EL Mehdi Elm مشااات 😭 دابا نتبعها انا للفضاء نهار بغيت ندير العرض مشات,2024-12-06 13:14:26,1
inwi,photo.php?fbid=960225396152270&set=pb.100064944541507.-2207520000&type=3,1130565931923252,حيدو متابعة ل إنوي وديروها ليا نصوب ليكم ريزو 😂🤣,2024-12-05 12:22:04,1
inwi,photo.php?fbid=960225396152270&set=pb.100064944541507.-2207520000&type=3,1092365148755111,قادو الريزو بعدا 🥴🥴,2024-12-06 13:01:34,1
inwi,photo.php?fbid=960225396152270&set=pb.100064944541507.-2207520000&type=3,1074641691208243,صلحوا تغطية نتما عطينها غير جميع فلوس شركة خردة عام معمرة هاد العرض عرض الشمة,2024-12-05 18:27:52,0
inwi,photo.php?fbid=960225396152270&set=pb.100064944541507.-2207520000&type=3,1321292439039922,قادو لينا الريزو راه ناقص بزاااف,2024-12-05 15:27:32,0
inwi,photo.php?fbid=960225396152270&set=pb.100064944541507.-2207520000&type=3,1295199631801458,واحد صاحبي غادي يتقولب تاني 😂😂😂,2024-12-05 17:18:25,0
inwi,photo.php?fbid=960225396152270&set=pb.100064944541507.-2207520000&type=3,970419444910375,قادو غا الريزو بعدا 😐,2024-12-05 20:50:24,0
inwi,photo.php?fbid=960225396152270&set=pb.100064944541507.-2207520000&type=3,2700103460196196,كن غير علمتونا بكري  بعدا,2024-12-05 21:48:32,0
inwi,photo.php?fbid=960225396152270&set=pb.100064944541507.-2207520000&type=3,864968815715312,سيرجيتها غير دبا نيت ههه بقيت ݣااااس حدا خونا قلت ليه مزال موصلاتش حيت درك عليها قلت ليه نضرب دورة رجع نشوف مالها تحركت هيا توصل ههههههههههههه,2024-12-05 18:49:24,0
inwi,photo.php?fbid=960225396152270&set=pb.100064944541507.-2207520000&type=3,1129287385575557,واش باقي اولا سالا,2024-12-05 19:49:17,0
inwi,photo.php?fbid=960225396152270&set=pb.100064944541507.-2207520000&type=3,1918602045210235,هدا قلب زوين 😂😂😂😂😂 ماشي ريزو زوين,2024-12-05 20:57:40,0
inwi,photo.php?fbid=960225396152270&set=pb.100064944541507.-2207520000&type=3,1302764977304457,"قادو ريزو بعدا عاد هدر عل العروض راه بزااف  ديال المناطق كايعانيو من ريزو 
وشكرا",2024-12-11 20:25:10,1
inwi,photo.php?fbid=960225396152270&set=pb.100064944541507.-2207520000&type=3,543862508529167,انوي مكتجمعش.الخط.بحال.ؤرونج.بين 3,2024-12-05 15:54:53,0
inwi,photo.php?fbid=960225396152270&set=pb.100064944541507.-2207520000&type=3,1098522671922670,واش لدرتها دب غدي تخدم عدي قبل غير متوصل 12 دليل ياكو,2024-12-05 21:35:08,0
inwi,photo.php?fbid=960225396152270&set=pb.100064944541507.-2207520000&type=3,460285683402943,صراحة الريزو فالمستوى بالاخص فالبوادي,2024-12-05 18:20:55,0
inwi,photo.php?fbid=960225396152270&set=pb.100064944541507.-2207520000&type=3,1748378272624739,امتى غترجع رجعوها قبل نهار 16 باش نشارجيو,2024-12-05 19:12:37,0
inwi,photo.php?fbid=960225396152270&set=pb.100064944541507.-2207520000&type=3,1245779370040764,انا غتسلا ليا نهار 10 فشهر بغيت نعرف شحال كتبقا عاد كيرجع لعرض,2024-12-05 11:45:29,0
inwi,photo.php?fbid=960225396152270&set=pb.100064944541507.-2207520000&type=3,885759910405942,نجمة 6واش غدي تسافر امت اخر اجل,2024-12-05 18:18:14,0
inwi,photo.php?fbid=960225396152270&set=pb.100064944541507.-2207520000&type=3,1118961643160193,واش كاين العرض *6,2024-12-05 12:06:35,0
inwi,photo.php?fbid=960225396152270&set=pb.100064944541507.-2207520000&type=3,941302707874003,سلام واش ممكن ديرو لينا شي بوطو ديال ريزو وشكرا,2024-12-05 20:32:30,0
inwi,photo.php?fbid=960225396152270&set=pb.100064944541507.-2207520000&type=3,8994105197314893,وش يمكن لكم ترجعو لي كود بيك,2024-12-05 14:15:12,0
inwi,photo.php?fbid=960225396152270&set=pb.100064944541507.-2207520000&type=3,3423847171242649,عندي واحد لكارت فيها الريزو عيان معرفتش علاش,2024-12-05 20:33:29,0
inwi,photo.php?fbid=960225396152270&set=pb.100064944541507.-2207520000&type=3,572040952383881,روعة ماشاء الله,2024-12-05 15:55:55,0
inwi,photo.php?fbid=960225396152270&set=pb.100064944541507.-2207520000&type=3,568089302628019,وش العرض مزال اليوم,2024-12-05 13:52:03,0
inwi,photo.php?fbid=960225396152270&set=pb.100064944541507.-2207520000&type=3,603460082103418,inwi بغت نعرف علاش باقي كتصفت ليا مساج باش نسجل رقم ديال و انا اصلا سجلت وستفت من 1 جݣا,2024-12-05 11:53:52,0
inwi,photo.php?fbid=960225396152270&set=pb.100064944541507.-2207520000&type=3,1100354648244562,امتى ترجع ؟,2024-12-05 22:42:37,0
inwi,photo.php?fbid=960225396152270&set=pb.100064944541507.-2207520000&type=3,488690010893519,امتا غدي تراجع,2024-12-05 14:12:44,0
inwi,photo.php?fbid=960225396152270&set=pb.100064944541507.-2207520000&type=3,1705027790289321,وسير ت9ود على هاد كونكسيون مريضة تاعها,2024-12-05 11:20:16,0
inwi,photo.php?fbid=960225396152270&set=pb.100064944541507.-2207520000&type=3,450765918061982,أنشاء الله يتفركع بيها ومترجعش,2024-12-06 21:48:44,0
inwi,photo.php?fbid=960225396152270&set=pb.100064944541507.-2207520000&type=3,1273327110484999,اصلا  كفاش غاديا طلع لفضاء وهي تقيلة فالارض ريزو عندها تقيل,2024-12-05 13:57:00,1
inwi,photo.php?fbid=960225396152270&set=pb.100064944541507.-2207520000&type=3,3002339503265577,الصاروخ لاش زعما الريزو🤦‍♂️,2024-12-05 18:50:34,0
inwi,photo.php?fbid=960225396152270&set=pb.100064944541507.-2207520000&type=3,1297489898337376,تعتبر اينوي الرقم الاول في سوء الخدمات و اللامبالاة التي تعطيها لزبنائها و عدم معالجة الشكايات....,2024-12-05 18:16:39,0
inwi,photo.php?fbid=960225396152270&set=pb.100064944541507.-2207520000&type=3,3879702772291296,دابا  مشا العرض,2024-12-05 18:56:09,0
inwi,photo.php?fbid=960225396152270&set=pb.100064944541507.-2207520000&type=3,1232295137842895,وقتاش ترجع,2024-12-06 12:58:39,0
inwi,photo.php?fbid=960225396152270&set=pb.100064944541507.-2207520000&type=3,28938569969063708,تيصلات انوي ؤرونج كلخوم شريكا وحدا غي كطوبو علينا,2024-12-05 16:55:03,0
inwi,photo.php?fbid=960225396152270&set=pb.100064944541507.-2207520000&type=3,965077715642389,"> *‏هما طريقان💙🔮..؟*

*‏الأوّل : ۞ فَاذْكُرُونِي أَذْكُرْكُمْ ۞*

*‏الثاني : ۞ نَسُوا اللَّهَ فَنَسِيَهُمْ ۞*

`فاختر لنفسك طريقاً💙🔮.`",2024-12-05 22:25:13,0
inwi,photo.php?fbid=960225396152270&set=pb.100064944541507.-2207520000&type=3,1590020231721673,ياك قلتو لينا لعرض مستمر تال 31 دجنبر ولكدوب لاش لااااش,2024-12-05 10:59:16,0
inwi,photo.php?fbid=960225396152270&set=pb.100064944541507.-2207520000&type=3,3688459287966332,وش كاين العرض,2024-12-05 16:16:47,0
inwi,photo.php?fbid=960225396152270&set=pb.100064944541507.-2207520000&type=3,1075534980920070,فوقاش غادي ترجلو عرض *6,2024-12-05 12:58:39,0
inwi,photo.php?fbid=960225396152270&set=pb.100064944541507.-2207520000&type=3,1303371364175740,إمتى أخر اجل,2024-12-05 22:37:58,0
inwi,photo.php?fbid=960225396152270&set=pb.100064944541507.-2207520000&type=3,1036147344981533,وقتاش يرجع العرض,2024-12-05 09:07:24,0
inwi,photo.php?fbid=960225396152270&set=pb.100064944541507.-2207520000&type=3,494232459703613,واش باقي ؟,2024-12-06 19:09:10,0
inwi,photo.php?fbid=960225396152270&set=pb.100064944541507.-2207520000&type=3,877256344577585,آه ريزو فيها عيان إلى بقات هكا غادية نحيدها,2024-12-05 18:44:56,0
inwi,photo.php?fbid=960225396152270&set=pb.100064944541507.-2207520000&type=3,1758234548296437,غيمشي يتقود مريزو متحلوة عندكم,2024-12-05 20:57:08,0
inwi,photo.php?fbid=960225396152270&set=pb.100064944541507.-2207520000&type=3,1336748090827096,وغير حيدوه اصلا غير 10 ايام كيكون الكوني خفيف ام داكشي الباقي تقول غا طالق ليك شي حد الويفي وحتا هو عندو إنوي,2024-12-05 20:14:35,0
inwi,photo.php?fbid=960225396152270&set=pb.100064944541507.-2207520000&type=3,597533263016819,علاش كنشرجي كتمشي وخا نكون مهضرتش بيها فهموني,2024-12-09 11:09:50,0
inwi,photo.php?fbid=960225396152270&set=pb.100064944541507.-2207520000&type=3,921990052856025,امتا يسلي العرض,2024-12-05 21:00:01,0
inwi,photo.php?fbid=960225396152270&set=pb.100064944541507.-2207520000&type=3,570522735586485,ريزو ديالكوم تقيل,2024-12-05 17:05:42,0
inwi,photo.php?fbid=960225396152270&set=pb.100064944541507.-2207520000&type=3,1022990206253248,واش لعرض سالا ولا باقي,2024-12-05 14:38:26,1
inwi,photo.php?fbid=960225396152270&set=pb.100064944541507.-2207520000&type=3,1305991010716451,انا بغت نعراف شحال دي وقت عاد غيرجع العرض دي شهار بليز شي حاد جوبني,2024-12-05 12:55:55,0
inwi,photo.php?fbid=960225396152270&set=pb.100064944541507.-2207520000&type=3,1134635988004497,اكفس شبكة فالتاريخ,2024-12-05 19:09:23,0
inwi,photo.php?fbid=960225396152270&set=pb.100064944541507.-2207520000&type=3,828187432652828,راه نيت الريزو ديالكم مشى الفضاء شحال هادي,2024-12-05 10:19:59,4
inwi,photo.php?fbid=960225396152270&set=pb.100064944541507.-2207520000&type=3,434744193019579,وها حنا شارجينها وديما الفيس بوك فالوضع الاساسي😡😡😡 الريزو 👎👎👎,2024-12-05 10:05:05,0
inwi,photo.php?fbid=960225396152270&set=pb.100064944541507.-2207520000&type=3,1614795155910952,الريزو ديال الله احسن العوان الموووووت صافييي,2024-12-05 20:03:22,0
inwi,photo.php?fbid=960225396152270&set=pb.100064944541507.-2207520000&type=3,1415442736526741,امتى غاترجعوها بعدا,2024-12-05 14:09:41,0
inwi,photo.php?fbid=960225396152270&set=pb.100064944541507.-2207520000&type=3,606689765270733,واش دبا كاينة,2024-12-05 20:09:57,0
inwi,photo.php?fbid=960225396152270&set=pb.100064944541507.-2207520000&type=3,561396163493034,امتى غترجع,2024-12-05 09:48:36,0
inwi,photo.php?fbid=960225396152270&set=pb.100064944541507.-2207520000&type=3,1258881025447119,قادو غير الريزو فحال الناس,2024-12-07 08:42:10,1
inwi,photo.php?fbid=960225396152270&set=pb.100064944541507.-2207520000&type=3,1639030277018505,وش كين لعرض انوي *6,2024-12-06 10:37:55,0
inwi,photo.php?fbid=960225396152270&set=pb.100064944541507.-2207520000&type=3,8868085449927447,العرض ما غيسالي ليا حتى نهار 9 واش الا درت العرض اليوم غتمشي ليا,2024-12-05 10:26:19,0
inwi,photo.php?fbid=960225396152270&set=pb.100064944541507.-2207520000&type=3,4022950664690062,معندكم لاريزو بوالوا غير كتضحكو على بنادم,2024-12-05 18:05:39,0
inwi,photo.php?fbid=960225396152270&set=pb.100064944541507.-2207520000&type=3,604808595390422,عرض,2024-12-05 18:23:10,0
inwi,photo.php?fbid=960225396152270&set=pb.100064944541507.-2207520000&type=3,2737986646373606,ب هاذ الريزو لي عندكم ميفوتش هذ الصاروخ ميفوتش الكابلي د الضو,2024-12-05 17:57:07,0
inwi,photo.php?fbid=960225396152270&set=pb.100064944541507.-2207520000&type=3,1143914810424097,شارجيتها مور البارح ولكن الريزو تقيل بزااف,2024-12-05 14:25:48,0
inwi,photo.php?fbid=960225396152270&set=pb.100064944541507.-2207520000&type=3,3932981250316323,وش بقي اليوم عرض الخميس ياك,2024-12-05 14:13:56,0
inwi,photo.php?fbid=960225396152270&set=pb.100064944541507.-2207520000&type=3,467935046320099,انا درت الكونطرا وكل نهار كتصيفطولي سيري ديري الكونطرا,2024-12-06 18:02:53,0
inwi,photo.php?fbid=960225396152270&set=pb.100064944541507.-2207520000&type=3,539732002218930,الله يحفظك الخيرا,2024-12-05 19:21:04,0
inwi,photo.php?fbid=960225396152270&set=pb.100064944541507.-2207520000&type=3,1997780877365980,إمتا غترجع,2024-12-06 12:18:11,0
inwi,photo.php?fbid=960225396152270&set=pb.100064944541507.-2207520000&type=3,491578906772806,شكرا إنوي ❤️,2024-12-09 22:14:52,0
inwi,photo.php?fbid=960225396152270&set=pb.100064944541507.-2207520000&type=3,3580195775611081,واش سالا العرض ديال نجمة 6,2024-12-06 12:26:28,0
inwi,photo.php?fbid=960225396152270&set=pb.100064944541507.-2207520000&type=3,1551655752142190,طلعات لسماء,2024-12-05 20:16:06,0
inwi,photo.php?fbid=960225396152270&set=pb.100064944541507.-2207520000&type=3,896771695904492,السلام عليكم لوليد دار روشارج برح مدواش بيها مشات ليوم ماشي مرة ماشي جوج,2024-12-05 11:18:58,0
inwi,photo.php?fbid=960225396152270&set=pb.100064944541507.-2207520000&type=3,1714797105977635,متابعة فضلا وليس امرا,2024-12-05 10:49:58,1
inwi,photo.php?fbid=1352893786885427&set=pb.100064944541507.-2207520000&type=3,1005226741933147,"*6 لامحدودة بـ 30 دهــ للشهر.
*6 لامحدودة بـ 30 دهــ للشهر.
*6 لامحدودة بـ 30 دهــ للشهر.
*6 لامحدودة بـ 30 دهــ للشهر.
*6 لامحدودة بـ 30 دهــ للشهر.
*6 لامحدودة بـ 30 دهــ للشهر.
*6 لامحدودة بـ 30 دهــ للشهر.
*6 لامحدودة بـ 30 دهــ للشهر.
*6 لامحدودة بـ 30 دهــ للشهر.
*6 لامحدودة بـ 30 دهــ للشهر.
*6 لامحدودة بـ 30 دهــ للشهر.
*6 لامحدودة بـ 30 دهــ للشهر.
*6 لامحدودة بـ 30 دهــ للشهر.
*6 لامحدودة بـ 30 دهــ للشهر.
*6 لامحدودة بـ 30 دهــ للشهر.
*6 لامحدودة بـ 30 دهــ للشهر.
*6 لامحدودة بـ 30 دهــ للشهر.
*6 لامحدودة بـ 30 دهــ للشهر.
*6 لامحدودة بـ 30 دهــ للشهر.
*6 لامحدودة بـ 30 دهــ للشهر.
*6 لامحدودة بـ 30 دهــ للشهر.
*6 لامحدودة بـ 30 دهــ للشهر.
*6 لامحدودة بـ 30 دهــ للشهر.
*6 لامحدودة بـ 30 دهــ للشهر.
*6 لامحدودة بـ 30 دهــ للشهر.
*6 لامحدودة بـ 30 دهــ للشهر.
*6 لامحدودة بـ 30 دهــ للشهر.
*6 لامحدودة بـ 30 دهــ للشهر.
*6 لامحدودة بـ 30 دهــ للشهر.
*6 لامحدودة بـ 30 دهــ للشهر.
*6 لامحدودة بـ 30 دهــ للشهر.
*6 لامحدودة بـ 30 دهــ للشهر.
*6 لامحدودة بـ 30 دهــ للشهر.
*6 لامحدودة بـ 30 دهــ للشهر.
*6 لامحدودة بـ 30 دهــ للشهر.
*6 لامحدودة بـ 30 دهــ للشهر.
*6 لامحدودة بـ 30 دهــ للشهر.
*6 لامحدودة بـ 30 دهــ للشهر.
*6 لامحدودة بـ 30 دهــ للشهر.
*6 لامحدودة بـ 30 دهــ للشهر.",2026-04-28 22:52:41,6
inwi,photo.php?fbid=1352893786885427&set=pb.100064944541507.-2207520000&type=3,1323927492950944,"وبغينا العرض *6 
30
درهم",2026-04-28 16:38:52,9
inwi,photo.php?fbid=1352893786885427&set=pb.100064944541507.-2207520000&type=3,1329025032481624,ديرو شي خريطة لفين واصل 5G ؟,2026-04-29 00:44:53,0
inwi,photo.php?fbid=1352893786885427&set=pb.100064944541507.-2207520000&type=3,961162359986514,Très mauvais operateur.un debit de 50 Mega qui chute a 7 Mo voir même moins.service client hors contexte.service technique sans reponse plus de 72h de réclamation....bref vous étes loin d'être professionnel ....👎👎👎👎,2026-04-29 10:26:57,3
inwi,photo.php?fbid=1352893786885427&set=pb.100064944541507.-2207520000&type=3,1999355564013150,Très mauvais operateur.un debit de 50 Mega qui chute a 7 Mo voir même moins.service client hors contexte.service technique sans reponse plus de 72h de réclamation....bref vous étes loin d'être professionnel ....👎👎👎👎,2026-04-29 10:29:00,2
inwi,photo.php?fbid=1352893786885427&set=pb.100064944541507.-2207520000&type=3,4424275147860221,Db haliyan wax kayn 3arrd 50 dh inwi 3o jours ola la ?,2026-04-28 16:55:48,2
inwi,photo.php?fbid=1352893786885427&set=pb.100064944541507.-2207520000&type=3,1390336629781555,⛩️⛽️🦸👸🍟🛏🛋⚰️⛩️⛩️🚥👑🎞⚙️👽👽👽💯👽💯👽👽🤖🦍🧭⛩️⛩️⛩️⛩️🎑🛫⛩️⛩️⛩️🛢💰🏟🦺🪭🐳⛩️👽👽👽⛽️👽,2026-04-29 08:56:04,0
inwi,photo.php?fbid=1352893786885427&set=pb.100064944541507.-2207520000&type=3,2067393610556706,وبغنا*6 30درهم مقاطعون 50 درهم,2026-04-28 19:37:40,3
inwi,photo.php?fbid=1352893786885427&set=pb.100064944541507.-2207520000&type=3,989670216965134,"وبغينا العرض *6 
30
درهم",2026-04-28 16:41:27,3
inwi,photo.php?fbid=1352893786885427&set=pb.100064944541507.-2207520000&type=3,945764738322299,slm o3likm chhal ktb9a khmsin drhm inwi wach ktb9a ila kdkhl lfysbwk ontgram,2026-05-02 10:25:59,0
inwi,photo.php?fbid=1352893786885427&set=pb.100064944541507.-2207520000&type=3,1432345555312292,Très mauvais operateur.un debit de 50 Mega qui chute a 7 Mo voir même moins.service client hors contexte.service technique sans reponse plus de 72h de réclamation....bref vous étes loin d'être professionnel ....👎👎👎👎,2026-04-29 10:29:08,1
inwi,photo.php?fbid=1352893786885427&set=pb.100064944541507.-2207520000&type=3,1593288085064754,Très mauvais operateur.un debit de 50 Mega qui chute a 7 Mo voir même moins.service client hors contexte.service technique sans reponse plus de 72h de réclamation....bref vous étes loin d'être professionnel ....👎👎👎👎,2026-04-29 10:29:04,0
inwi,photo.php?fbid=1352893786885427&set=pb.100064944541507.-2207520000&type=3,1272741228387453,رجعو لشعب المغربي محبوبة الشعب 30 درهم*6,2026-04-28 17:22:35,0
inwi,photo.php?fbid=1352893786885427&set=pb.100064944541507.-2207520000&type=3,2113296986195986,20 dh hhh 4g draya katmchi سيرو تقدمو كيف دول بقايين حاصلين غير مع ريزو,2026-04-29 08:20:12,0
inwi,photo.php?fbid=1352893786885427&set=pb.100064944541507.-2207520000&type=3,1698930658221001,واش مابيتوش ترضو نجمة 6 30 درهم هادشي راه بزاف والله,2026-04-28 21:55:50,0
inwi,photo.php?fbid=1352893786885427&set=pb.100064944541507.-2207520000&type=3,1685160732491499,بحالكوم بحال الويفي ديالكوم بحال العروض بحال الروشارج الله الكيها ليكوم ويفي على قدو مخدامش🙂🙂🙂,2026-04-28 18:13:17,0
inwi,photo.php?fbid=1352893786885427&set=pb.100064944541507.-2207520000&type=3,1316130337120647,بغينا  نجمة 6ب 30درهم راه شهرين وانا نستنا تردو لعرض اوا صافي متعيقوش,2026-04-28 21:06:04,0
inwi,photo.php?fbid=1352893786885427&set=pb.100064944541507.-2207520000&type=3,969766005914296,20 درهم *6 شحال فيها من يوم,2026-04-28 17:19:44,1
inwi,photo.php?fbid=1352893786885427&set=pb.100064944541507.-2207520000&type=3,1885310665301035,عبئت 50 درهم لا محدود ليوم 15 يوم قبصتوها ليا. والو تا حاجة ما خدامة,2026-04-28 18:03:58,0
inwi,photo.php?fbid=1352893786885427&set=pb.100064944541507.-2207520000&type=3,1443582410316082,رها بغين *6 30 درهم,2026-04-29 10:10:45,0
inwi,photo.php?fbid=1352893786885427&set=pb.100064944541507.-2207520000&type=3,1010073025023729,بغبنا عرض 30.درهم,2026-04-28 18:54:39,0
inwi,photo.php?fbid=1352893786885427&set=pb.100064944541507.-2207520000&type=3,3090507137817049,واش كاين عرض المزاليط *6 العرض الوحيد لي كايجمعني بيكم,2026-04-28 17:35:44,0
inwi,photo.php?fbid=1352893786885427&set=pb.100064944541507.-2207520000&type=3,4361377630857531,"بغين *6, 03درهم",2026-04-29 15:24:31,0
inwi,photo.php?fbid=1352893786885427&set=pb.100064944541507.-2207520000&type=3,947137681643431,*6  30 درهم,2026-04-29 14:55:08,0
inwi,photo.php?fbid=1352893786885427&set=pb.100064944541507.-2207520000&type=3,972073329097882,"وبغينا العرض *6 
30
درهم",2026-04-28 21:33:52,0
inwi,photo.php?fbid=1352893786885427&set=pb.100064944541507.-2207520000&type=3,1339157648101148,"وبغينا العرض *6 
30
درهم",2026-04-28 18:22:57,0
inwi,photo.php?fbid=1352893786885427&set=pb.100064944541507.-2207520000&type=3,1666881171008685,E ولكن الواقع مازال عايشينG5,2026-04-29 00:46:10,0
inwi,photo.php?fbid=1352893786885427&set=pb.100064944541507.-2207520000&type=3,1499199498263717,منقاطعون حنا بغينا نجمة 6,2026-04-28 22:36:59,0
inwi,photo.php?fbid=1352893786885427&set=pb.100064944541507.-2207520000&type=3,4242292609356183,لامحدود 30dh,2026-04-29 14:41:02,0
inwi,photo.php?fbid=1352893786885427&set=pb.100064944541507.-2207520000&type=3,1522123592780991,Rezo macha bi lil chno sabab,2026-04-29 04:38:54,0
inwi,photo.php?fbid=1352893786885427&set=pb.100064944541507.-2207520000&type=3,1015370184397583,30dh *6,2026-04-28 19:37:57,0
inwi,photo.php?fbid=1352893786885427&set=pb.100064944541507.-2207520000&type=3,1019429527192143,Rdo 3ard,2026-04-29 14:44:20,0
inwi,photo.php?fbid=1352893786885427&set=pb.100064944541507.-2207520000&type=3,4404968593116061,مزال العرض 50 درهم *6,2026-04-28 19:14:08,0
inwi,photo.php?fbid=1352893786885427&set=pb.100064944541507.-2207520000&type=3,974381591741569,واش ما بقاش عرض 30 نجمة بمرة,2026-04-28 21:13:06,0
inwi,photo.php?fbid=1352893786885427&set=pb.100064944541507.-2207520000&type=3,829613903521551,عرض نجمة 6 ديال 30 درهم,2026-04-28 22:47:49,0
inwi,photo.php?fbid=1352893786885427&set=pb.100064944541507.-2207520000&type=3,1619071129376948,*5 واش مكيناش مبقاتش فتطبيق my inwi??,2026-04-28 18:19:53,0
inwi,photo.php?fbid=1352893786885427&set=pb.100064944541507.-2207520000&type=3,1724108645224394,وش كين العرض ديالا 50 درهم,2026-04-29 16:27:03,0
inwi,photo.php?fbid=1352893786885427&set=pb.100064944541507.-2207520000&type=3,2444266992703179,احسن حاجة درتوها هو مللي وقفتو *6 راه كانو قهرونا صحاب الروتين اليومي كولشي عريان المواقع ولات بحال Google  xn,2026-04-28 22:49:53,0
inwi,photo.php?fbid=1352893786885427&set=pb.100064944541507.-2207520000&type=3,1700681937606117,نجمة 6 بي 30درهم حنا معاكم حوروبات,2026-04-28 18:50:26,3
inwi,photo.php?fbid=1352893786885427&set=pb.100064944541507.-2207520000&type=3,2486556118461376,كونيكسيون الويفي والو أربعة أيام . وشوفو شي حل,2026-04-30 22:11:52,1
inwi,photo.php?fbid=1352893786885427&set=pb.100064944541507.-2207520000&type=3,1357148659777554,حيدو لمتابع # مقاطعون,2026-04-28 20:32:03,2
inwi,photo.php?fbid=1352893786885427&set=pb.100064944541507.-2207520000&type=3,1338775304816033,توحشناااك💔😮‍💨,2026-04-28 21:04:45,0
inwi,photo.php?fbid=1352893786885427&set=pb.100064944541507.-2207520000&type=3,2323033574839253,واعباد الله بغينا العرض *6 30درهم,2026-04-28 17:16:56,5
inwi,photo.php?fbid=1352893786885427&set=pb.100064944541507.-2207520000&type=3,1697077798116288,اذا بغيت نسارجي غير الأنترنيت عاادي  غوغل شنو نعمل مورا رمز التعبئة انوي,2026-04-28 17:06:30,1
inwi,photo.php?fbid=1352893786885427&set=pb.100064944541507.-2207520000&type=3,1331263245522385,نداء لشريكات الإتصال بثلاثة ردوا لينا نجمة 6 ديالنا,2026-04-29 01:56:56,0
inwi,photo.php?fbid=1352893786885427&set=pb.100064944541507.-2207520000&type=3,945510508374183,واش كاين العرض 30درهم لا محدود,2026-04-28 21:42:51,0
inwi,photo.php?fbid=1352893786885427&set=pb.100064944541507.-2207520000&type=3,1665060841432008,رجعو لينا العرض 6 انوي30درهم,2026-04-28 22:11:21,0
inwi,photo.php?fbid=1352893786885427&set=pb.100064944541507.-2207520000&type=3,4244857152430544,السلام واش ممكن تشرح ليا العرض ديال 30dh مضروبة ف 25?,2026-04-28 17:32:06,0
inwi,photo.php?fbid=1352893786885427&set=pb.100064944541507.-2207520000&type=3,910276132020010,"تنبيه للناس اللي كتستعمل إنوي ⚠️

إنوي كتبيع ""واتساب + فيسبوك + أنستغرام = بلا حدود"" فعرض *6 بـ 50 درهم.

ولكن الحقيقة اللي ما كتبانش مزيان هي:

❌ ""بلا حدود"" = عندها سقف مخبي فالحقيقة 1Go تقريباً
❌ ملي كتسالي 1Go، السرعة كتطيح لـ 64Kbps = فيسبوك وأنستغرام كيوليو محبوسين
❌ ""الاستعمال المعقول"" كاتبة فالشروط العامة اللي حتى واحد ما كيقراها

الدليل عندي فالميساج: ""Votre recharge *6 illimité ... plus 1Go"" 
كيفاش ""illimité"" و ""1Go"" فنفس الجملة؟ 🤔

المادة 21 من قانون حماية المستهلك 31.08 كتمنع الإشهار المضلل.

بارطاجيو باش الناس تعرف الحقيقة قبل ما تشارجي.",2026-05-02 12:47:37,1
inwi,photo.php?fbid=1352893786885427&set=pb.100064944541507.-2207520000&type=3,1584618859268431,حملة لالغاء المتابعة الكل يلغي,2026-04-28 17:45:39,2
inwi,photo.php?fbid=1352893786885427&set=pb.100064944541507.-2207520000&type=3,1329811675679113,واش هاد العرض خدام ف مريرت عمالة خنيفرة,2026-04-28 19:09:03,0
inwi,photo.php?fbid=1352893786885427&set=pb.100064944541507.-2207520000&type=3,1309102740845911,"مقاطعون 
حتى عودة العرض نجمة 6",2026-04-30 16:37:07,0
inwi,photo.php?fbid=1352893786885427&set=pb.100064944541507.-2207520000&type=3,1997009667520162,تكفاش هد شي ديالنا عن خلص300 درهم على قبل خمسين مݣا,2026-04-28 22:35:58,0
inwi,photo.php?fbid=1352893786885427&set=pb.100064944541507.-2207520000&type=3,2383825088764012,"J’ai une offre WiFi 50 Mbps chez Inwi, mais depuis une semaine mon débit est très faible (environ 150 kbps).  
J’ai déjà fait des réclamations, mais le problème n’est toujours pas résolu. Franchement, ni le service ni le WiFi ne sont à la hauteur.",2026-05-01 15:26:08,0
inwi,photo.php?fbid=1352893786885427&set=pb.100064944541507.-2207520000&type=3,2050925045846517,قاتلك انوي معاكم كل يوم ها هيا خلاتنا *6 30 درهم,2026-04-28 21:19:09,2
inwi,photo.php?fbid=1352893786885427&set=pb.100064944541507.-2207520000&type=3,960070713098536,"سلام عليكم    البنات وعيالت          معكوم وام وصال بيت نقترح عليكوم  وحدا شريكة جديدة ياله دخلت المغرب هدي شهرين  ودخلو ليها ناس بزاف وبقي خصنهوم  ناس راه كزيدهوم لي بغت تخدم معهوم مرحب بيها  دخل من هدا ربيط 👇👇👇👇 
https://chat.whatsapp.com/CxOflYJqTTn1K8QMLDK15N?mode=gi_t",2026-04-29 00:07:53,0
inwi,photo.php?fbid=1352893786885427&set=pb.100064944541507.-2207520000&type=3,1215242737191829,"بلاتي انا نحط ليك واحد الكروب في واتساب غزااااال 💋🥰😍😍😍 تبارك الله على مزينااتو بالنسبة البنات لي باغيين يغلاضو ويزيانو لي عندهم عضلة النائمة وبومزوي وفقر الدم وكيفاش تطهلاي فشرعك والبشرة ديالك لا الحبوب ولا النمش ولا دوك التصبغات مهم كروب ما شاء الله وصافي كيحمق 😘
https://chat.whatsapp.com/GZsJXuDh4HJIDcIp1RRYVm?mode=gi_t",2026-04-29 17:44:41,0
inwi,photo.php?fbid=1352893786885427&set=pb.100064944541507.-2207520000&type=3,906495562386283,"https://chat.whatsapp.com/KSqTnHIPRWNIKm0kObCZ8D?mode=gi_tهل تتخيل أن تبدأ بمبلغ بسيط 60درهم فقط وتحقق أرباح تصل إلى 2 مليون ونص مغربية؟ نعم، هذا  مع مشروع global prosperity !*
*تعطي هدية🎁 60درهم فقط* *وتحصل على لوحة التحكم في حسابك الخاص وتبدأ رحلتك",2026-04-29 10:10:38,0
inwi,photo.php?fbid=1352893786885427&set=pb.100064944541507.-2207520000&type=3,26907449058892355,"دير نسخ و عاود نشر
هدوا كيعرفوا غير الأرقام

#مقاطعونinwi
#مقاطعونmaroctelecom
#مقاطعونorange
#مقاطعون50درهم
#ماتجارجيوش_حتى_5_دراهم  

احنا غير أولاد الشعب 50 درهم غالية علينا",2026-04-28 22:09:00,0
inwi,photo.php?fbid=1352893786885427&set=pb.100064944541507.-2207520000&type=3,2809355179457007,وا عباد الله ما بغيناش نجمة 6 بغينا لفيبر بثمن سبانيول 😡,2026-04-28 17:20:45,0
inwi,photo.php?fbid=1352893786885427&set=pb.100064944541507.-2207520000&type=3,1617554699351010,وبغيتا العرض 6*30 dh,2026-04-29 19:00:47,0
inwi,photo.php?fbid=1352893786885427&set=pb.100064944541507.-2207520000&type=3,979925241566597,الىً بغيتو حال ديال نجمة 6 باش ترجع أنا نقول ليكم حل,2026-04-28 23:25:55,0
inwi,photo.php?fbid=1352893786885427&set=pb.100064944541507.-2207520000&type=3,1274374800962857,Who is *6 30 dh ??,2026-04-28 18:45:15,0
inwi,photo.php?fbid=1352893786885427&set=pb.100064944541507.-2207520000&type=3,1488572792771398,عيشو غي نتوماا حنا وقفات لحياة عندنا من نهار وقفات نجمة 6,2026-04-28 21:56:19,0
inwi,photo.php?fbid=1352893786885427&set=pb.100064944541507.-2207520000&type=3,917450124628132,امتا غد يعلن على رجوع *6,2026-04-30 20:17:28,0
inwi,photo.php?fbid=1352893786885427&set=pb.100064944541507.-2207520000&type=3,914263918325714,طنز هادا,2026-04-30 19:59:51,0
inwi,photo.php?fbid=1352893786885427&set=pb.100064944541507.-2207520000&type=3,976785468173034,شكرأ للعاملين في شركة  inwi ♥️🌹,2026-04-29 17:26:21,0
inwi,photo.php?fbid=1352893786885427&set=pb.100064944541507.-2207520000&type=3,959143407078907,اسيدي انا نبقا بلى كونكسيو ياشفراا,2026-04-28 18:42:58,0
inwi,photo.php?fbid=1352893786885427&set=pb.100064944541507.-2207520000&type=3,1660200981564257,#مقاطعون ✌️✌️✌️,2026-04-29 10:25:58,0
inwi,photo.php?fbid=1352893786885427&set=pb.100064944541507.-2207520000&type=3,3347303375432262,"#مقاطعونinwi
#مقاطعونmaroctelecom
#مقاطعونorange
#مقاطعون50درهم
#ماتجارجيوش_حتى_5_دراهم",2026-04-30 16:51:58,0
inwi,photo.php?fbid=1352893786885427&set=pb.100064944541507.-2207520000&type=3,1666868804336507,"#مقاطعونinwi
#مقاطعونmaroctelecom
#مقاطعونorange
#مقاطعون50درهم
#ماتجارجيوش_حتى_5_دراهم",2026-04-28 20:36:52,1
inwi,photo.php?fbid=1352893786885427&set=pb.100064944541507.-2207520000&type=3,2004264637114079,"#مقاطعونinwi
#مقاطعونmaroctelecom
#مقاطعونorange
#مقاطعون50درهم
#ماتجارجيوش_حتى_5_دراهم",2026-04-28 23:07:52,0
inwi,photo.php?fbid=1352893786885427&set=pb.100064944541507.-2207520000&type=3,1288963713435757,❤️,2026-04-29 06:40:57,0
inwi,photo.php?fbid=1352893786885427&set=pb.100064944541507.-2207520000&type=3,2443035302786823,"#مقاطعونinwi
#مقاطعونmaroctelecom
#مقاطعونorange
#مقاطعون50درهم
#ماتشارجي_حتى_5_دراهم",2026-04-28 20:00:35,0
inwi,photo.php?fbid=1352893786885427&set=pb.100064944541507.-2207520000&type=3,1536501978131321,"🎙️🎙️حملة تسجيل 💥💥💥
💓💓لكل ربت بيت غير كالسة في دار شادة تلفون 📱غير هكاك 😱😱نودي شمري  على كتافك او نودي خدمي على راسك او ديري مدخول حقيقي أو مانضة 💵💶 تفرحك انتي وليداتك او تحمر ليك وجهك واسط عائلتك 💪💪انتي 🫵لكتقراي المنشور ديالي بغيتي تغيري حياتك او تسافري كيف ما بغيتي🛥️🚤 او تعمري جيبك او تولي عندك خلصة شهرية صحيحة كتوصل تال 4000درهم مضمونة 100 💯 او باغة تبرعي راسك او كوزينتك دخلي عندي نشرح ليك 👇👇
Wa.me/+212619235586",2026-04-29 19:16:15,0
inwi,photo.php?fbid=1352893786885427&set=pb.100064944541507.-2207520000&type=3,838162329352835,كونكسيو الويفي زيرو 000000000000000,2026-04-30 22:57:14,0
inwi,photo.php?fbid=1352893786885427&set=pb.100064944541507.-2207520000&type=3,1864368160897168,"💚اللهمَﷺ🌿صَلِّﷺ💚🍀وَسَـــلِّمْﷺ💚وَبَارِكﷺْ🌿علىﷺنَبِيِّنَـــا🌿🍀ﷺمُحمَدﷺ-💚🌿💚اللهمَﷺ💚🍀صَلِّﷺ🌿وَسَـــلِّم وبارك على سيدنا محمد وعلى آله وصحبه وسلم تسليما كثيرا عدد ماذكره الذاكرون وغفل عن ذكره الغافلون 💚🌿💚عدد من صلي وعابد وركع وسجد 💚🌿💚عدد خلقه ورضا نفسه وزنة عرشه ومداد كلماته 💚🌿💚عدد حبات الرمال وزخات المطر وعدد أوراق الشجر 💚🌿💚عدد ما كان وما سيكون وعدد الحركات والسكون 💚🌿💚صلوات ربي وسلامه عليك ياابي القاسم يارسول الله 💚💚💚💚💚🌿🌿🌿🌿💚💚💚💚اللهمَﷺ🌿صَلِّﷺ💚🍀وَسَـــلِّمْﷺ💚وَبَارِكﷺْ🌿علىﷺنَبِيِّنَـــا🌿🍀ﷺمُحمَدﷺ-💚🌿💚اللهمَﷺ💚🍀صَلِّﷺ🌿وَسَـــلِّم وبارك على سيدنا محمد وعلى آله وصحبه وسلم تسليما كثيرا عدد ماذكره الذاكرون وغفل عن ذكره الغافلون 💚🌿💚عدد من صلي وعابد وركع وسجد 💚🌿💚عدد خلقه ورضا نفسه وزنة عرشه ومداد كلماته 💚🌿💚عدد حبات الرمال وزخات المطر وعدد أوراق الشجر 💚🌿💚عدد ما كان وما سيكون وعدد الحركات والسكون 💚🌿💚صلوات ربي وسلامه عليك ياابي القاسم يارسول الله 💚💚💚💚💚🌿🌿🌿🌿💚💚💚💚اللهمَﷺ🌿صَلِّﷺ💚🍀وَسَـــلِّمْﷺ💚وَبَارِكﷺْ🌿علىﷺنَبِيِّنَـــا🌿🍀ﷺمُحمَدﷺ-💚🌿💚اللهمَﷺ💚🍀صَلِّﷺ🌿وَسَـــلِّم وبارك على سيدنا محمد وعلى آله وصحبه وسلم تسليما كثيرا عدد ماذكره الذاكرون وغفل عن ذكره الغافلون 💚🌿💚عدد من صلي وعابد وركع وسجد 💚🌿💚عدد خلقه ورضا نفسه وزنة عرشه ومداد كلماته 💚🌿💚عدد حبات الرمال وزخات المطر وعدد أوراق الشجر 💚🌿💚عدد ما كان وما سيكون وعدد الحركات والسكون 💚آللـــھمِے 💜صَّلِ💜وَسُـُلْـﻤ 💜وٌبـ̨̥̬̩ـارگ 💜عَلے 💜سَيدنِـــا 💜مُــُحـمـ̨̥̬̩ـد 💜عَدد 💜مَاذگرهُ💜ألذَاكِرونّ💜وغيَِّنَْـــآ 💜🌿مُحٍمَّدِ💜🌿ۆِأّلَُـﮧِۆِصٌٍحٌٍبِْـﮧِ💜🌿 أّجٍِمَعٌيَِّن وسلم 💜🌿تسليما 💜🌿كثيرا 💜🌿
اللهم صل على سيدنامحمد 🌾💜عددخلقک 🌾💜ورضا نفسک 🌾💜وزنة عرشک 🌾💜ومدآد كلماتک 🌾💜وعدد الذاكرين 🌾💜والذاكرآت 🌾💜وذرآت آلرمال 🌾💜في الأرض والبحار⁦🌾💜والجبال 🌾💜والانهار 🌾💜وعدد مالايحص عدد 💜وعلى آله وصحبه اجمعين 💜
اللهم امين 🌾💜يارب العالمين 🌾💜 استغفر الله العظيم الذي لا اله الا هو الحي القيوم واتوب اليه 💜💜🌾💜",2026-04-29 17:09:39,1
inwi,photo.php?fbid=1352893786885427&set=pb.100064944541507.-2207520000&type=3,2003160880285826,"� بغيت تبدّل حياتك؟
‎التجارة الإلكترونية هي الفرصة ديالك!
‎مع المفيد+ غادي تمشي خطوة بخطوة حتى تحقق أول دخل ديالك 💰
‎📩 سجّل دابا — بلا ما تضيع الفرصة
https://lmofidclub.com/link/kKN6RE",2026-04-29 15:52:58,0
inwi,photo.php?fbid=1352893786885427&set=pb.100064944541507.-2207520000&type=3,986486497400589,مقطعون,2026-04-29 14:29:43,0
inwi,photo.php?fbid=1352893786885427&set=pb.100064944541507.-2207520000&type=3,976459258181667,بنات كين واحد تطبيق زوين وساهل وفيه ربح لبغات شرح دوز خاص مرحبا 🥰,2026-04-29 10:38:17,0
inwi,photo.php?fbid=1352893786885427&set=pb.100064944541507.-2207520000&type=3,2761375554219633,dertv reclamation par email f linkdin f facebook service 0,2026-04-29 09:03:14,0
inwi,photo.php?fbid=1352893786885427&set=pb.100064944541507.-2207520000&type=3,1634081691039579,❤️❤️❤️✌️🤑✌️❤️❤️❤️👑😍😊🍹1️⃣😎💯📰🍷🍰☺️❤️🎈🎊🇲🇦🤑🇲🇦📝😷🤗📞🪟🏗️🫙🛰️🚦🏝️😎🏝️❤️😊,2026-04-29 08:20:14,0
inwi,photo.php?fbid=1352893786885427&set=pb.100064944541507.-2207520000&type=3,2120211612161505,بقي مقطعين *6 50 دراهم,2026-04-29 06:22:52,0
inwi,photo.php?fbid=1352893786885427&set=pb.100064944541507.-2207520000&type=3,1701544077689540,Peace sofa morocco Casablanca,2026-04-28 22:31:51,0
inwi,photo.php?fbid=1352893786885427&set=pb.100064944541507.-2207520000&type=3,2402989963526478,بتوفيق إن شاءالله تحياتي لك 👍🙏👍,2026-04-28 20:29:27,0
inwi,photo.php?fbid=1352893786885427&set=pb.100064944541507.-2207520000&type=3,1260243582892275,#مقاطعون,2026-04-28 20:00:44,0
inwi,photo.php?fbid=1352893786885427&set=pb.100064944541507.-2207520000&type=3,1661798735017818,يوم الخميس في اينوي,2026-04-28 19:53:21,0
inwi,photo.php?fbid=1352893786885427&set=pb.100064944541507.-2207520000&type=3,1355003269779695,حيدو لهم لمتابعة حتى ارجعو العرض ديال 30 درهم,2026-04-28 17:47:40,0
inwi,photo.php?fbid=1352893786885427&set=pb.100064944541507.-2207520000&type=3,1743469110152258,على زين ريزو ديالكم لا ويفي لا الريزو كولشي عيان,2026-05-01 11:44:02,0
inwi,photo.php?fbid=1352893786885427&set=pb.100064944541507.-2207520000&type=3,4407444239511136,"دير نسخ و عاود نشر
هدوا كيعرفوا غير الأرقام

#مقاطعونinwi
#مقاطعونmaroctelecom
#مقاطعونorange
#مقاطعون50درهم
#ماتجارجيوش_حتى_5_دراهم  

احنا غير أولاد الشعب 50 درهم غالية علينا",2026-04-29 14:47:11,0
inwi,photo.php?fbid=1352893786885427&set=pb.100064944541507.-2207520000&type=3,959104806610675,"دير نسخ و عاود نشر
هدوا كيعرفوا غير الأرقام

#مقاطعونinwi
#مقاطعونmaroctelecom
#مقاطعونorange
#مقاطعون50درهم
#ماتجارجيوش_حتى_5_دراهم  

احنا غير أولاد الشعب 50 درهم غالية علينا",2026-04-29 07:18:12,0
inwi,photo.php?fbid=1352893786885427&set=pb.100064944541507.-2207520000&type=3,1574127394095947,شركة انواي للاتصالات تسرق جيوب المغاربة,2026-04-28 22:50:53,0
inwi,photo.php?fbid=1352893786885427&set=pb.100064944541507.-2207520000&type=3,980402297808353,الله يعطيكم لعداب نتوما وزمر ديلكم,2026-04-28 22:46:30,0
inwi,photo.php?fbid=1352893786885427&set=pb.100064944541507.-2207520000&type=3,1269181188661481,"دير نسخ و عاود نشر
هدوا كيعرفوا غير الأرقام

#مقاطعونinwi
#مقاطعونmaroctelecom
#مقاطعونorange
#مقاطعون50درهم
#ماتجارجيوش_حتى_5_دراهم  

احنا غير أولاد الشعب 50 درهم غالية علينا",2026-04-28 22:31:15,0
inwi,photo.php?fbid=1352893786885427&set=pb.100064944541507.-2207520000&type=3,901550702913471,مققاطععوووووووون الدراري حتا تعبءة متشارجيوهاش راه الكلاب عطشو,2026-04-28 21:33:50,0
